Isim Soyisim;Þehir;Sehir Yas Ortalamasi;Bölge;Parti;Doðum Yýlý;Milletvekili Yas;Doðum Yeri;Ýþ Alanlarý;Siyasete Baþladýðý Parti;Evli;Çocuk;Üniversite;Bölüm;En Yüksek Eðitim;Diller;;Cinsiyet;;;;;;;;;;;
Abdullah DOÐRU;ADANA;;Akdeniz;AK Parti;1965;55;Malatya;Ýþinsaný;RP;Evli;4;Çukurova;Ziraat Mühendisliði;Lisans;Ýngilizce;Arapça;Erkek;;;;;;;;;;;
Ahmet ZENBÝLCÝ;ADANA;;Akdeniz;AK Parti;1966;54;Adana;Bürokrat;;Evli;5;Çukurova;Kamu Yönetimi;Yükseklisans;Arapça;Ýngilizce;Erkek;;;;;;;;;;;
Ayhan BARUT;ADANA;;Akdeniz;CHP;1964;56;Adana;Ýþinsaný;;Evli;2;Çukurova;Ziraat Mühendisliði;Lisans;Ýngilizce;;Erkek;;;;;;;;;;;
Ayþe Sibel ERSOY;ADANA;;Akdeniz;MHP;1964;56;Adana;Eczacý;;Evli;2;Gazi;Farmakoloji;Yükseklisans;Ýngilizce;;Kadýn;;;;;;;;;;;
Burhanettin BULUT;ADANA;;Akdeniz;CHP;1970;50;Bitlis;Eczacý;;Evli;2;Ege;Eczacýlýk;Lisans;0;;Erkek;;;;;;;;;;;
Ýsmail KONCUK;ADANA;;Akdeniz;BAÐIMSIZ;1959;61;Adana;Öðretmen;;Evli;2;Eskiþehir;Ýngilizce;Lisans;Ýngilizce;;Erkek;;;;;;;;;;;
Jülide SARIEROÐLU;ADANA;;Akdeniz;AK Parti;1979;41;Adana;Siyasetçi;;Bekar;0;Gazi;ÇEKO;Lisans;0;0;Kadýn;;;;;;;;;;;
Kemal PEKÖZ;ADANA;;Akdeniz;HDP;1951;69;Malatya;Gazeteci;;Evli;3;Muðla;Ýþletme;Yükseklisans;Kürtçe;Fransýzca;Erkek;;;;;;;;;;;
Mehmet Metanet ÇULHAOÐLU;ADANA;;Akdeniz;ÝYÝ Parti;1954;66;Adana;Doktor;;Evli;?;Ýstanbul;Týp;Yükseklisans;Ýngilizce;Almanca;Erkek;;;;;;;;;;;
Mehmet Þükrü ERDÝNÇ;ADANA;;Akdeniz;AK Parti;1976;44;Adýyaman;Avukat;;Evli;4;Çukurova;Hukuk;Yükseklisans;Ýngilizce;Arapça;Erkek;;;;;;;;;;;
Muharrem VARLI;ADANA;;Akdeniz;MHP;1969;51;Adana;Öðretmen;;Evli;2;Konya;Tarih;Lisans;0;;Erkek;;;;;;;;;;;
Müzeyyen ÞEVKÝN;ADANA;;Akdeniz;CHP;1961;59;Adana;Mühendis;;Evli;2;Çukurova;Mühendislik;Doktora;Ýngilizce;;Kadýn;;;;;;;;;;;
Orhan SÜMER;ADANA;;Akdeniz;CHP;1963;57;Adana;Ýþinsaný;;Evli;2;Lise;0;0;0;0;Erkek;;;;;;;;;;;
Tamer DAÐLI;ADANA;;Akdeniz;AK Parti;1970;50;Adana;Bankacý;;Evli;3;Konya;Kamu Yönetimi;Yükseklisans;0;0;Erkek;;;;;;;;;;;
Tulay HATIMOÐULLARI ORUÇ;ADANA;;Akdeniz;HDP;1977;43;Antakya;Siyasetçi;;Evli;?;Anadolu;Ekonomi;Lisans;Arapça;;Kadýn;;;;;;;;;;;
Abdurrahman TUTDERE;ADIYAMAN;;Güneydoðu Anadolu;CHP;1976;44;Adýyaman;Avukat;;Evli;2;Atatürk;Hukuk;Lisans;0;0;Erkek;;;;;;;;;;;
Ahmet AYDIN;ADIYAMAN;;Güneydoðu Anadolu;AK Parti;1971;49;Adýyaman;Avukat;;Evli;3;Ýstanbul;Hukuk;Yükseklisans;0;0;Erkek;;;;;;;;;;;
Ýbrahim Halil FIRAT;ADIYAMAN;;Güneydoðu Anadolu;AK Parti;1973;47;Adýyaman;Avukat;;Evli;3;Marmara;Hukuk;Lisans;Ýngilizce;Kürtçe;Erkek;;;;;;;;;;;
Muhammed Fatih TOPRAK;ADIYAMAN;;Güneydoðu Anadolu;AK Parti;1985;35;Adýyaman;Avukat;;Evli;2;Hamburg;Hukuk;Lisans;Almanca;Ýngilizce;Erkek;;;;;;;;;;;
Yakup TAÞ;ADIYAMAN;;Güneydoðu Anadolu;AK Parti;1959;61;Adýyaman;Ýþinsaný;;Evli;6;Adýyaman;;;Kürtçe;;Erkek;;;;;;;;;;;
Ali ÖZKAYA;AFYONKARAHÝSAR;;Ege;AK Parti;1970;50;Afyonkarahisar;Avukat;;Evli;3;Ankara;Hukuk;Lisans;Fransýzca;Arapça;Erkek;;;;;;;;;;;
Burcu KÖKSAL;AFYONKARAHÝSAR;;Ege;CHP;1980;40;Afyonkarahisar;Avukat;;Evli;1;Ýstanbul;Hukuk;Lisans;Ýngilizce;;Kadýn;;;;;;;;;;;
Gültekin UYSAL;AFYONKARAHÝSAR;;Ege;DP;1976;44;Afyonkarahisar;Siyasetçi;;Evli;2;Bilkent;Kamu Yönetimi;Lisans;Ýngilizce;;Erkek;;;;;;;;;;;
Ýbrahim YURDUNUSEVEN;AFYONKARAHÝSAR;;Ege;AK Parti;1969;51;Afyonkarahisar;Avukat;;Evli;3;Ankara;Hukuk;Lisans;Almanca;;Erkek;;;;;;;;;;;
Mehmet TAYTAK;AFYONKARAHÝSAR;;Ege;MHP;1959;61;Afyonkarahisar;Öðretmen;;Evli;2;Gazi;Eðitim;Lisans;0;;Erkek;;;;;;;;;;;
Veysel EROÐLU;AFYONKARAHÝSAR;;Ege;AK Parti;1948;72;Afyonkarahisar;Akademisyen;;Evli;4;ÝTÜ;Mühendis;Doktora;Ýngilizce;;Erkek;;;;;;;;;;;
Abdullah KOÇ;AÐRI;;Doðu Anadolu;HDP;1972;48;Aðrý;Avukat;;Evli;2;Selçuk;Hukuk;Lisans;Kürtçe;Ýngilizce;Erkek;;;;;;;;;;;
Berdan ÖZTÜRK;AÐRI;;Doðu Anadolu;HDP;1980;40;Aðrý;Avukat;;Bekar;0;Londra;Hukuk;Yükseklisans;Kürtçe;Ýngilizce;Erkek;;;;;;;;;;;
Dirayet Dilan TAÞDEMÝR;AÐRI;;Doðu Anadolu;HDP;1982;38;Aðrý;Akademisyen;;Bekar;0;Mersin;Sosyoloji;Lisans;Almanca;;Kadýn;;;;;;;;;;;
Ekrem ÇELEBÝ;AÐRI;;Doðu Anadolu;AK Parti;1965;55;Aðrý;Bürokrat;;Evli;2;Çukurova;Ýþletme;Yükseklisans;Ýngilizce;;Erkek;;;;;;;;;;;
Ayhan EREL;AKSARAY;;Ýç Anadolu;ÝYÝ Parti;1957;63;Gümüþhane;Avukat;;Evli;2;Ankara;Hukuk;Lisans;0;;Erkek;;;;;;;;;;;
Cengiz AYDOÐDU;AKSARAY;;Ýç Anadolu;AK Parti;1958;62;Aksaray;Bürokrat;;Evli;2;Ankara;Siyasal;Lisans;Ýngilizce;;Erkek;;;;;;;;;;;
Ýlknur ÝNCEÖZ;AKSARAY;;Ýç Anadolu;AK Parti;1973;47;Aksaray;Avukat;;Evli;1;Ýstanbul;Hukuk;Lisans;Ýngilizce;;Kadýn;;;;;;;;;;;
Ramazan KAÞLI;AKSARAY;;Ýç Anadolu;MHP;1969;51;Aksaray;Ýþinsaný;;Evli;2;0;0;0;Ýngilizce;;Erkek;;;;;;;;;;;
Hasan ÇÝLEZ;AMASYA;;Karadeniz;AK Parti;1974;46;Amasya;Ýþinsaný;;Evli;2;Atatürk;Ýktisat;Lisans;0;;Erkek;;;;;;;;;;;
Mustafa TUNCER;AMASYA;;Karadeniz;CHP;1971;49;Amasya;Avukat;;Evli;2;Ýstanbul;Hukuk;Lisans;Fransýzca;;Erkek;;;;;;;;;;;
Mustafa Levent KARAHOCAGÝL;AMASYA;;Karadeniz;AK Parti;1959;61;Erzurum;Öðretmen;;Evli;2;Atatürk;Eðitim;Lisans;Ýngilizce;;Erkek;;;;;;;;;;;
Ahmet Haluk KOÇ;ANKARA;;Ýç Anadolu;CHP;1954;66;Ýstanbul;Doktor;;Evli;2;Ankara;Týp;Doktora;Fransýzca;Ýngilizce;Erkek;;;;;;;;;;;
Ali Haydar HAKVERDÝ;ANKARA;;Ýç Anadolu;CHP;1979;41;Çorum;Avukat;;Evli;1;Marmara;Hukuk;Yükseklisans;Ýngilizce;;Erkek;;;;;;;;;;;
Ali Ýhsan ARSLAN;ANKARA;;Ýç Anadolu;AK Parti;1969;51;Ankara;Ýþinsaný;;Evli;?;Ankara;Ýletiþim;Lisans;0;;Erkek;;;;;;;;;;;
Arife POLAT DÜZGÜN;ANKARA;;Ýç Anadolu;AK Parti;1969;51;Ankara;Doktor;;Evli;2;Gazi;Týp;Doktora;Ýngilizce;;Kadýn;;;;;;;;;;;
Asuman ERDOÐAN;ANKARA;;Ýç Anadolu;AK Parti;1980;40;Ankara;Öðretmen;;Evli;5;Boðaziçi;Ýngilizce;Lisans;Ýngilizce;Fransýzca;Kadýn;;;;;;;;;;;
Ayhan ALTINTAÞ;ANKARA;;Ýç Anadolu;ÝYÝ Parti;1958;62;Yozgat;Akademisyen;;Evli;2;Ohio;Mühendis;Doktora;Ýngilizce;Almanca;Erkek;;;;;;;;;;;
Barýþ AYDIN;ANKARA;;Ýç Anadolu;AK Parti;1975;45;Ankara;Ýþinsaný;;Evli;3;York;Ýþletme;Doktora;Ýngilizce;;Erkek;;;;;;;;;;;
Bülent KUÞOÐLU;ANKARA;;Ýç Anadolu;CHP;1958;62;Erzurum;Bürokrat;;Evli;2;Ankara;Siyasal;Lisans;Ýngilizce;;Erkek;;;;;;;;;;;
Durmuþ YILMAZ;ANKARA;;Ýç Anadolu;ÝYÝ Parti;1947;73;Uþak;Ekonomist;;Evli;3;Londra;Ekonomi;Yükseklisans;Ýngilizce;;Erkek;;;;;;;;;;;
Emrullah ÝÞLER;ANKARA;;Ýç Anadolu;AK Parti;1960;60;Ankara;Akademisyen;;Evli;3;Ankara;Ýlahiyat;Doktora;Arapça;Ýngilizce;Erkek;;;;;;;;;;;
Erkan HABERAL;ANKARA;;Ýç Anadolu;MHP;1972;48;Rize;Gazeteci;;Evli;2;?;Ýþletme;Yükseklisans;Ýngilizce;;Erkek;;;;;;;;;;;
Fatih ÞAHÝN;ANKARA;;Ýç Anadolu;AK Parti;1979;41;Çanakkale;Avukat;;Evli;2;Ankara;Hukuk;Lisans;Ýngilizce;Arapça;Erkek;;;;;;;;;;;
Filiz KERESTECÝOÐLU DEMÝR;ANKARA;;Ýç Anadolu;HDP;1961;59;Kocaeli;Avukat;;Evli;1;Ankara;Hukuk;Lisans;Ýngilizce;;Kadýn;;;;;;;;;;;
Gamze TAÞCIER;ANKARA;;Ýç Anadolu;CHP;1982;38;Ankara;Eczacý;;Evli;2;Ankara;Eczacýlýk;Lisans;?;;Kadýn;;;;;;;;;;;
Hacý TURAN;ANKARA;;Ýç Anadolu;AK Parti;1968;52;Kýrþehir;Ýþinsaný;;Evli;3;Erciyes;Ýlahiyat;Yükseklisans;Arapça;Fransýzca;Erkek;;;;;;;;;;;
Ýbrahim Halil ORAL;ANKARA;;Ýç Anadolu;ÝYÝ Parti;1958;62;Bitlis;Öðretmen;;Evli;3;Ankara;Ýlahiyat;Lisans;Arapça;Fransýzca;Erkek;;;;;;;;;;;
Koray AYDIN;ANKARA;;Ýç Anadolu;ÝYÝ Parti;1955;65;Trabzon;Mühendis;;Evli;3;KTÜ;Mühendis;Lisans;?;;Erkek;;;;;;;;;;;
Levent GÖK;ANKARA;;Ýç Anadolu;CHP;1959;61;Balýkesir;Avukat;;Evli;2;Ankara;Hukuk;Lisans;?;;Erkek;;;;;;;;;;;
Lütfiye Selva ÇAM;ANKARA;;Ýç Anadolu;AK Parti;1970;50;Þanlýurfa;Ýþinsaný;;Evli;3;ODTÜ;Mühendis;Lisans;Ýngilizce;Fransýzca;Kadýn;;;;;;;;;;;
Mehmet Naci BOSTANCI;ANKARA;;Ýç Anadolu;AK Parti;1957;63;Amasya;Akademisyen;;Evli;2;Ýstanbul;Ýktisat;Doktora;Ýngilizce;;Erkek;;;;;;;;;;;
Mevlüt KARAKAYA;ANKARA;;Ýç Anadolu;MHP;1963;57;Ankara;Akademisyen;;Evli;2;Gazi;Ýþletme;Doktora;Ýngilizce;Fransýzca;Erkek;;;;;;;;;;;
Murat EMÝR;ANKARA;;Ýç Anadolu;CHP;1969;51;Malatya;Doktor;;Evli;2;Hacettepe;Týp;Doktora;Ýngilizce;Almanca;Erkek;;;;;;;;;;;
Mustafa DESTÝCÝ;ANKARA;;Ýç Anadolu;BBP;1966;54;Eskiþehir;Siyasetçi;;Evli;3;Gazi;Ýlahiyat;Yükseklisans;Ýngilizce;Arapça;Erkek;;;;;;;;;;;
Nevin TAÞLIÇAY;ANKARA;;Ýç Anadolu;MHP;1974;46;Kýrþehir;Eczacý;;Evli;3;Ankara;Eczacýlýk;Lisans;?;;Kadýn;;;;;;;;;;;
Nevzat CEYLAN;ANKARA;;Ýç Anadolu;AK Parti;1953;67;Ankara;Siyasetçi;;Evli;2;Hacettepe;Ýþletme;Lisans;Ýngilizce;;Erkek;;;;;;;;;;;
Nihat YEÞÝL;ANKARA;;Ýç Anadolu;CHP;1957;63;Tunceli;Öðretmen;;Evli;3;Gazi;Eðitim;Lisans;?;;Erkek;;;;;;;;;;;
Orhan YEGÝN;ANKARA;;Ýç Anadolu;AK Parti;1978;42;Ankara;Siyasetçi;;Evli;2;Kýrýkkale;Ýktisat;Yükseklisans;?;;Erkek;;;;;;;;;;;
Sadir DURMAZ;ANKARA;;Ýç Anadolu;MHP;1963;57;Kýrþehir;Bürokrat;;Evli;2;KTÜ;Ýktisat;Lisans;Ýngilizce;;Erkek;;;;;;;;;;;
Servet ÜNSAL;ANKARA;;Ýç Anadolu;CHP;1957;63;Sivas;Doktor;;Evli;2;Hacettepe;Týp;Lisans;Ýngilizce;;Erkek;;;;;;;;;;;
Þenol SUNAT;ANKARA;;Ýç Anadolu;ÝYÝ Parti;1956;64;Bursa;Akademisyen;;Evli;2;Anadolu;Temel Bilimler;Doktora;?;;Kadýn;;;;;;;;;;;
Tekin BÝNGÖL;ANKARA;;Ýç Anadolu;CHP;1955;65;Bitlis;Doktor;;Evli;3;Hacettepe;Týp;Lisans;Ýngilizce;;Erkek;;;;;;;;;;;
Yalçýn AKDOÐAN;ANKARA;;Ýç Anadolu;AK Parti;1969;51;Ýstanbul;Gazeteci;;Evli;4;Marmara;Siyasal;Doktora;Ýngilizce;;Erkek;;;;;;;;;;;
Yaþar YILDIRIM;ANKARA;;Ýç Anadolu;MHP;1956;64;Ankara;Siyasetçi;;Evli;2;Ankara;Mühendis;Yükseklisans;?;;Erkek;;;;;;;;;;;
Yýldýrým KAYA;ANKARA;;Ýç Anadolu;CHP;1958;62;Kýrþehir;Siyasetçi;;Evli;2;Eðitim Enstitüsü;Eðitim;Lisans;?;;Erkek;;;;;;;;;;;
Yýldýrým Tuðrul TÜRKEÞ;ANKARA;;Ýç Anadolu;AK Parti;1954;66;Ýstanbul;Ekonomist;;Evli;4;Hacettepe;Ýktisat;Lisans;Ýngilizce;;Erkek;;;;;;;;;;;
Zeynep YILDIZ;ANKARA;;Ýç Anadolu;AK Parti;1992;28;Ankara;Avukat;;?;?;Bilkent;Hukuk;Lisans;Ýngilizce;Fransýzca;Kadýn;;;;;;;;;;;
Abdurrahman BAÞKAN;ANTALYA;;Akdeniz;MHP;1964;56;Tokat;Ýþinsaný;;?;?;Atatürk;Ziraat;Lisans;?;;Erkek;;;;;;;;;;;
Atay USLU;ANTALYA;;Akdeniz;AK Parti;1970;50;Antalya;Bürokrat;;Evli;3;Ankara;Siyasal;Lisans;Ýngilizce;;Erkek;;;;;;;;;;;
Aydýn ÖZER;ANTALYA;;Akdeniz;CHP;1962;58;Antalya;Mühendis;;Evli;1;Anadolu;Mühendis;Lisans;?;;Erkek;;;;;;;;;;;
Cavit ARI;ANTALYA;;Akdeniz;CHP;1968;52;Antalya;Avukat;;Evli;2;Ýstanbul;Hukuk;Lisans;Ýngilizce;;Erkek;;;;;;;;;;;
Çetin Osman BUDAK;ANTALYA;;Akdeniz;CHP;1960;60;Antalya;Ýþinsaný;;Evli;2;Dokuz Eylül;Ýþletme;Yükseklisans;Ýngilizce;;Erkek;;;;;;;;;;;
Deniz BAYKAL;ANTALYA;;Akdeniz;CHP;1938;82;Antalya;Siyasetçi;;Evli;2;Ankara;Hukuk;Doktora;Ýngilizce;;Erkek;;;;;;;;;;;
Feridun BAHÞÝ;ANTALYA;;Akdeniz;ÝYÝ Parti;1959;61;Antalya;Hakim;;Evli;2;Ýstanbul;Hukuk;Lisans;Ýngilizce;;Erkek;;;;;;;;;;;
Hasan SUBAÞI;ANTALYA;;Akdeniz;ÝYÝ Parti;1950;70;Antalya;Siyasetçi;;Evli;2;Ýstanbul;Hukuk;Lisans;?;;Erkek;;;;;;;;;;;
Ýbrahim AYDIN;ANTALYA;;Akdeniz;AK Parti;1962;58;Antalya;Mühendis;;Evli;2;KTÜ;Mühendis;Lisans;Ýngilizce;Fransýzca;Erkek;;;;;;;;;;;
Kemal BÜLBÜL;ANTALYA;;Akdeniz;HDP;1963;57;Malatya;Öðretmen;;Evli;1;Trakya;Eðitim;Lisans;Kürtçe;;Erkek;;;;;;;;;;;
Kemal ÇELÝK;ANTALYA;;Akdeniz;AK Parti;1956;64;Antalya;Bürokrat;;Evli;3;Ankara;Siyasal;Lisans;Ýngilizce;;Erkek;;;;;;;;;;;
Mustafa KÖSE;ANTALYA;;Akdeniz;AK Parti;1977;43;Ýstanbul;Avukat;;Evli;3;Ýstanbul;Hukuk;Lisans;Ýngilizce;;Erkek;;;;;;;;;;;
Rafet ZEYBEK;ANTALYA;;Akdeniz;CHP;1962;58;Antalya;Hakim;;Evli;2;Ýstanbul;Hukuk;Lisans;Ýngilizce;;Erkek;;;;;;;;;;;
Sena Nur ÇELÝK;ANTALYA;;Akdeniz;AK Parti;1986;34;Antalya;Avukat;;?;?;LSE;Hukuk;Yükseklisans;Ýngilizce;;Kadýn;;;;;;;;;;;
Tuba VURAL ÇOKAL;ANTALYA;;Akdeniz;AK Parti;1973;47;Antalya;Doktor;;Evli;2;Trakya;Týp;Yükseklisans;Ýngilizce;Almanca;Kadýn;;;;;;;;;;;
Orhan ATALAY;ARDAHAN;;Doðu Anadolu;AK Parti;1965;55;Ardahan;Akademisyen;;Evli;1;Atatürk;Ýlahiyat;Doktora;Arapça;Farsça;Erkek;;;;;;;;;;;
Öztürk YILMAZ;ARDAHAN;;Doðu Anadolu;Yenilik P;1970;50;Ardahan;Bürokrat;;Evli;3;Brüksel;Sosyal Bilimler;Yükseklisans;Ýngilizce;Rusça;Erkek;;;;;;;;;;;
Ertunç Erkan BALTA;ARTVÝN;;Karadeniz;AK Parti;1972;48;Artvin;Avukat;;?;?;Ýstanbul;Hukuk;Lisans;Ýngilizce;;Erkek;;;;;;;;;;;
Uður BAYRAKTUTAN;ARTVÝN;;Karadeniz;CHP;1965;55;Artvin;Avukat;;Evli;2;Ankara;Hukuk;Lisans;?;;Erkek;;;;;;;;;;;
Aydýn Adnan SEZGÝN;AYDIN;;Ege;ÝYÝ Parti;1956;64;Aydýn;Bürokrat;;Evli;1;Paris;Ýktisat;Yükseklisans;Fransýzca;Ýngiizce;Erkek;;;;;;;;;;;
Bekir Kuvvet ERÝM;AYDIN;;Ege;AK Parti;1957;63;Aydýn;Ýþinsaný;;Evli;2;Enstitü;Matematik;Önlisans;Ýngilizce;;Erkek;;;;;;;;;;;
Bülent TEZCAN;AYDIN;;Ege;CHP;1965;55;Samsun;Avukat;;Evli;2;Ankara;Hukuk;Lisans;Ýngilizce;;Erkek;;;;;;;;;;;
Hüseyin YILDIZ;AYDIN;;Ege;CHP;1967;53;Bingöl;Ýþinsaný;;Evli;1;Lise;;;Ýngilizce;;Erkek;;;;;;;;;;;
Metin YAVUZ;AYDIN;;Ege;AK Parti;1969;51;Aydýn;Ýþinsaný;;Evli;2;Atatürk;Ýletiþim;Lisans;?;;Erkek;;;;;;;;;;;
Mustafa SAVAÞ;AYDIN;;Ege;AK Parti;1965;55;Aydýn;Bankacý;;Evli;2;Ankara;Siyasal;Lisans;Ýngilizce;;Erkek;;;;;;;;;;;
Rýza POSACI;AYDIN;;Ege;AK Parti;1963;57;Aydýn;Mühendis;;Evli;2;Ege;Ziraat;Lisans;?;;Erkek;;;;;;;;;;;
Süleyman BÜLBÜL;AYDIN;;Ege;CHP;1964;56;Denizli;Avukat;;Evli;2;Ýstanbul;Hukuk;Lisans;?;;Erkek;;;;;;;;;;;
Adil ÇELÝK;BALIKESÝR;;Marmara;AK Parti;1968;52;Balýkesir;Avukat;;Evli;3;Dokuz Eylül;Hukuk;Lisans;Ýngilizce;;Erkek;;;;;;;;;;;
Ahmet AKIN;BALIKESÝR;;Marmara;CHP;1973;47;Balýkesir;Siyasetçi;;Evli;2;Beykent;Sosyal Bilimler;Yükseklisans;Ýngilizce;Ýspanyolca;Erkek;;;;;;;;;;;
Belgin UYGUR;BALIKESÝR;;Marmara;AK Parti;1977;43;Balýkesir;Avukat;;Evli;3;Ýstanbul;Hukuk;Lisans;Arapça;Ýngilizce;Kadýn;;;;;;;;;;;
Ensar AYTEKÝN;BALIKESÝR;;Marmara;CHP;1972;48;Ardahan;Siyasetçi;;Evli;2;Anadolu;Ýktisat;Önlisans;Ýngilizce;;Erkek;;;;;;;;;;;
Fikret ÞAHÝN;BALIKESÝR;;Marmara;CHP;1968;52;Sivas;Doktor;;Evli;2;Dokuz Eylül;Týp;Yükseklisans;Ýngilizce;;Erkek;;;;;;;;;;;
Ýsmail OK;BALIKESÝR;;Marmara;BAÐIMSIZ;1964;56;Balýkesir;Öðretmen;;Evli;2;Enstitü;Eðitim;Önlisans;Ýngilizce;;Erkek;;;;;;;;;;;
Mustafa CANBEY;BALIKESÝR;;Marmara;AK Parti;1975;45;Balýkesir;Gazeteci;;Evli;2;Ýstanbul;Sosyal Bilimler;Doktora;?;;Erkek;;;;;;;;;;;
Pakize Mutlu AYDEMÝR;BALIKESÝR;;Marmara;AK Parti;1967;53;Balýkesir;Avukat;;?;?;Dokuz Eylül;Hukuk;Lisans;Ýngilizce;Ýtalyanca;Kadýn;;;;;;;;;;;
Yavuz SUBAÞI;BALIKESÝR;;Marmara;AK Parti;1961;59;Balýkesir;Ýþinsaný;;Evli;3;Marmara;Ýþletme;Lisans;Ýngilizce;;Erkek;;;;;;;;;;;
Aysu BANKOÐLU;BARTIN;;Karadeniz;CHP;1989;31;Bartýn;Avukat;;Bekar;;Koç;Hukuk;Yükseklisans;Ýngilizce;;Kadýn;;;;;;;;;;;
Yýlmaz TUNÇ;BARTIN;;Karadeniz;AK Parti;1971;49;Bartýn;Avukat;;Evli;3;Ýstanbul;Hukuk;Yükseklisans;Ýngilizce;;Erkek;;;;;;;;;;;
Ayþe ACAR BAÞARAN;BATMAN;;Güneydoðu Anadolu;HDP;1985;35;Batman;Avukat;;Evli;0;Dokuz Eylül;Hukuk;Lisans;Ýngilizce;Kürtçe;Kadýn;;;;;;;;;;;
Feleknas UCA;BATMAN;;Güneydoðu Anadolu;HDP;1976;44;Almanya;Siyasetçi;;Bekar;0;Almanya;Siyasal;Açýk Öðretim;Almanca;Kürtçe;Kadýn;;;;;;;;;;;
Mehmet Ruþtu TÝRYAKÝ;BATMAN;;Güneydoðu Anadolu;HDP;1971;49;Diyarbakýr;Avukat;;Evli;2;Ankara;Hukuk;Lisans;?;;Erkek;;;;;;;;;;;
Necdet ÝPEKYÜZ;BATMAN;;Güneydoðu Anadolu;HDP;1964;56;Diyarbakýr;Doktor;;Evli;3;Akdeniz;Týp;Lisans;Kürtçe;;Erkek;;;;;;;;;;;
Ziver ÖZDEMÝR;BATMAN;;Güneydoðu Anadolu;AK Parti;1965;55;Batman;Ýþinsaný;;Evli;5;?;;;Kürtçe;Ýngilizce;Erkek;;;;;;;;;;;
Fetani BATTAL;BAYBURT;;Karadeniz;AK Parti;1963;57;Bayburt;Öðretmen;;Evli;3;Atatürk;Eðitim;Lisans;?;;Erkek;;;;;;;;;;;
Selim YAÐCI;BÝLECÝK;;Marmara;AK Parti;1966;54;Bilecik;Hakim;;Evli;2;Ankara;Hukuk;Lisans;Ýngilizce;Arapça;Erkek;;;;;;;;;;;
Yaþar TÜZÜN;BÝLECÝK;;Marmara;CHP;1966;54;Bilecik;Ýþinsaný;;Evli;2;Lise;;;Fransýzca;;Erkek;;;;;;;;;;;
Cevdet YILMAZ;BÝNGÖL;;Doðu Anadolu;AK Parti;1967;53;Bingöl;Bürokrat;;Evli;2;Bilkent;Siyasal;Doktora;Ýngilizce;;Erkek;;;;;;;;;;;
Erdal AYDEMÝR;BÝNGÖL;;Doðu Anadolu;HDP;1968;52;Bingöl;Avukat;;Evli;4;Ýstanbul;Hukuk;Lisans;?;;Erkek;;;;;;;;;;;
Feyzi BERDÝBEK;BÝNGÖL;;Doðu Anadolu;AK Parti;1957;63;Bingöl;Siyasetçi;;?;?;.;.;.;.;;Erkek;;;;;;;;;;;
Cemal TAÞAR;BÝTLÝS;;Doðu Anadolu;AK Parti;1963;57;Bitlis;Bürokrat;;Evli;7;Gazi;Eðitim;Lisans;Ýngilizce;;Erkek;;;;;;;;;;;
Mahmut Celadet GAYDALI;BÝTLÝS;;Doðu Anadolu;HDP;1951;69;Bitlis;Ýþinsaný;;Evli;2;Newcastle;Mühendis;Yükseklisans;Ýngilizce;Kürtçe;Erkek;;;;;;;;;;;
Vahit KÝLER;BÝTLÝS;;Doðu Anadolu;AK Parti;1966;54;Bitlis;Siyasetçi;;Evli;4;?;Ýktisat;Lisans;?;;Erkek;;;;;;;;;;;
Arzu AYDIN;BOLU;;Karadeniz;AK Parti;1969;51;Düzce;Avukat;;Evli;1;Ýstanbul;Hukuk;Lisans;Ýngilizce;;Kadýn;;;;;;;;;;;
Fehmi KÜPÇÜ;BOLU;;Karadeniz;AK Parti;1974;46;Bolu;Avukat;;Evli;2;Ýstanbul;Hukuk;Lisans;Ýngilizce;Arapça;Erkek;;;;;;;;;;;
Bayram ÖZÇELÝK;BURDUR;;Akdeniz;AK Parti;1966;54;Burdur;Siyasetçi;;Evli;3;Gazi;Týp;Lisans;Ýngilizce;Arapça;Erkek;;;;;;;;;;;
Mehmet GÖKER;BURDUR;;Akdeniz;CHP;1967;53;Burdur;Doktor;;Evli;1;Ege;Týp;Lisans;Ýngilizce;;Erkek;;;;;;;;;;;
Yasin UÐUR;BURDUR;;Akdeniz;AK Parti;1978;42;Burdur;Siyasetçi;;Evli;3;Süleyman Demirel;Ýktisat;Lisans;?;;Erkek;;;;;;;;;;;
Ahmet KILIÇ;BURSA;;Marmara;AK Parti;1986;34;Bursa;Siyasetçi;;Evli;1;Bahçeþehir;Siyasal;Yükseklisans;Ýngilizce;Arapça;Erkek;;;;;;;;;;;
Ahmet Kamil EROZAN;BURSA;;Marmara;ÝYÝ Parti;1950;70;Bursa;Bürokrat;;Evli;2;Ankara;Siyasal;Lisans;Fransýzca;Ýngilizce;Erkek;;;;;;;;;;;
Atilla ÖDÜNÇ;BURSA;;Marmara;AK Parti;1977;43;Bursa;Siyasetçi;;Evli;2;Osmangazi;Mühendis;Yükseklisans;Ýngilizce;;Erkek;;;;;;;;;;;
Efkan ALA;BURSA;;Marmara;AK Parti;1965;55;Erzurum;Bürokrat;;Evli;2;Ýstanbul;Siyasal;Yükseklisans;Ýngilizce;;Erkek;;;;;;;;;;;
Emine YAVUZ GÖZGEÇ;BURSA;;Marmara;AK Parti;1969;51;Bursa;Avukat;;Evli;1;Dokuz Eylül;Hukuk;Lisans;?;;Kadýn;;;;;;;;;;;
Erkan AYDIN;BURSA;;Marmara;CHP;1974;46;Ýstanbul;Eczacý;;Evli;2;Hacettepe;Eczacýlýk;Lisans;?;;Erkek;;;;;;;;;;;
Hakan ÇAVUÞOÐLU;BURSA;;Marmara;AK Parti;1972;48;Yunanistan;Avukat;;Evli;2;Ankara;Hukuk;Lisans;Yunanca;Ýngilizce;Erkek;;;;;;;;;;;
Ýsmail TATLIOÐLU;BURSA;;Marmara;ÝYÝ Parti;1960;60;Bursa;Akademisyen;;Evli;3;Uludað;Ýktisat;Doktora;Ýngilizce;;Erkek;;;;;;;;;;;
Ýsmet BÜYÜKATAMAN;BURSA;;Marmara;MHP;1953;67;Amasya;Siyasetçi;;Evli;2;Ankara;Ýþletme;Yükseklisans;Ýngilizce;;Erkek;;;;;;;;;;;
Lale KARABIYIK;BURSA;;Marmara;CHP;1965;55;Bilecik;Akademisyen;;Evli;1;Uludað;Ýktisat;Doktora;Ýngilizce;;Kadýn;;;;;;;;;;;
Muhammet Müfit AYDIN;BURSA;;Marmara;AK Parti;1954;66;Aðrý;Bürokrat;;Evli;5;Anadolu;Ýþletme;Lisans;Kürtçe;Arapça;Erkek;;;;;;;;;;;
Mustafa ESGÝN;BURSA;;Marmara;AK Parti;1966;54;Bursa;Doktor;;Evli;3;Uludað;Týp;Yükseklisans;?;;Erkek;;;;;;;;;;;
Mustafa Hidayet VAHAPOÐLU;BURSA;;Marmara;MHP;1956;64;Çorum;Asker;;Evli;2;Ankara;Eðitim;Yükseklisans;?;;Erkek;;;;;;;;;;;
Nurhayat ALTACA KAYIÞOÐLU;BURSA;;Marmara;CHP;1978;42;Tunceli;Avukat;;Evli;1;Ankara;Hukuk;Lisans;Ýngilizce;;Kadýn;;;;;;;;;;;
Orhan SARIBAL;BURSA;;Marmara;CHP;1966;54;Erzincan;Siyasetçi;;Evli;2;Ankara;Ziraat;Lisans;Ýngilizce;;Erkek;;;;;;;;;;;
Osman MESTEN;BURSA;;Marmara;AK Parti;1971;49;Bursa;Avukat;;Evli;3;Ýstanbul;Hukuk;Lisans;Arapça;Ýngilizce;Erkek;;;;;;;;;;;
Kani BEKO;ÝZMÝR;;Ege;CHP;1953;67;Makedonya;Ýþçi;CHP;Evli;2;0;0;Ortaokul;?;;Erkek;;;;;;;;;;;
Kemal KILIÇDAROÐLU;ÝZMÝR;;Ege;CHP;1948;72;Tunceli;Maliyeci;DSP;Evli;3;Gazi;Ticari Ýlimler;Lisans;Fransýzca;;Erkek;;;;;;;;;;;
Mahir POLAT;ÝZMÝR;;Ege;CHP;1975;45;Gaziantep;Bürokrat;CHP;Evli;2;Ýzmir Katip Çelebi;Politik Ekonomi;Yükseklisans;Ýngilizce;;Erkek;;;;;;;;;;;
Mahmut Atilla KAYA;ÝZMÝR;;Ege;AK Parti;1973;47;Ýzmir;Avukat;AKP;Evli;1;Ankara;Hukuk;Lisans;;;Erkek;;;;;;;;;;;
Mehmet Ali ÇELEBÝ;ÝZMÝR;;Ege;CHP;1984;36;Ankara;Asker;CHP;Evli;0;Harp Okulu;Harp Okulu;Lisans;Ýngilizce;Almanca;Erkek;;;;;;;;;;;
Murat BAKAN;ÝZMÝR;;Ege;CHP;1972;48;Ankara;Avukat;CHP;Evli;1;Ankara ;Hukuk;Lisans;Ýngilizce;;Erkek;;;;;;;;;;;
Murat ÇEPNÝ;ÝZMÝR;;Ege;HDP;1974;46;Rize;Siyasetçi;ESP;Evli;2;0;0;Lise;?;;Erkek;;;;;;;;;;;
Necip NASIR;ÝZMÝR;;Ege;AK Parti;1959;61;Bitlis;Ýþinsaný;AKP;Evli;3;Dicle;Ýnþaat Mühendisliði;Lisans;? ;;Erkek;;;;;;;;;;;
Özcan PURÇU;ÝZMÝR;;Ege;CHP;1977;43;Aydýn;Sivil Toplum Yöneticisi;CHP;Evli;2;Uludað;Kamu Yönetimi ;Lisans;Romanca;;Erkek;;;;;;;;;;;
Selin SAYEK BÖKE;ÝZMÝR;;Ege;CHP;1972;48;Amerika;Akademisyen ;CHP;Evli;2;Duke;Ýktisat;Doktora;Ýngilizce;;Kadýn;;;;;;;;;;;
Serpil KEMALBAY PEKGÖZEGÜ;ÝZMÝR;;Ege;HDP;1964;56;Ardahan;Mühendis;HDP;Evli;?;ÝTÜ;Kimya Mühendisi;Lisans;?;;Kadýn;;;;;;;;;;;
Sevda ERDAN KILIÇ;ÝZMÝR;;Ege;CHP;1980;40;Eskiþehir;Avukat;CHP;Evli;1;Dokuz Eylül;Hukuk;Lisans;Ýngilizce;;Kadýn;;;;;;;;;;;
Tacettin BAYIR;ÝZMÝR;;Ege;CHP;1960;60;Ýzmir;Ýþinsaný;CHP;Evli;2;0;0;Lise;?;;Erkek;;;;;;;;;;;
Tamer OSMANAÐAOÐLU;ÝZMÝR;;Ege;MHP;1963;57;Aðrý;Ýþinsaný;MHP;?;?;Ýstanbul Aydýn;Adalet;Yüksekokul ;Ýngilizce;;Erkek;;;;;;;;;;;
Yaþar KIRKPINAR;ÝZMÝR;;Ege;AK Parti;1973;47;Erzurum;Ýþinsaný;AKP;Evli;3;Dokuz Eylül;Ýktisat;Lisans;Ýngilizce;Fransýzca;Erkek;;;;;;;;;;;
Ahmet ÖZDEMÝR;KAHRAMANMARAÞ;;Akdeniz;AK Parti;1977;43;Kahramanmaraþ;Avukat;AKP;Evli ;1;Dicle;Hukuk;Lisans;Ýngilizce;Arapça;Erkek;;;;;;;;;;;
Ali ÖZTUNÇ;KAHRAMANMARAÞ;;Akdeniz;CHP;1976;44;Almanya;Gazeteci;CHP;Evli;?;Gazi;Gazetecilik;Lisans ;Ýngilizce;Almanca;Erkek;;;;;;;;;;;
Celalettin GÜVENÇ;KAHRAMANMARAÞ;;Akdeniz;AK Parti;1959;61;Kahramanmaraþ;Bürokrat;AKP;Evli;2;Gazi;Kamu Hukuku;Yükseklisans;Ýngilizce;;Erkek;;;;;;;;;;;
Habibe ÖÇAL;KAHRAMANMARAÞ;;Akdeniz;AK Parti;1968;52;Kahramanmaraþ;Öðretmen;AKP;Evli;3;Bolu Ýzzet Baysal  ;Ýþletme;Lisans;Ýngilizce;Fransýzca;Erkek;;;;;;;;;;;
Ýmran KILIÇ;KAHRAMANMARAÞ;;Akdeniz;AK Parti;1957;63;Kahramanmaraþ;Din adamý;AKP;Evli;3;Erzurum Atatürk;Ýslami Bilimler;Yükseklisans;Arapça;;Erkek;;;;;;;;;;;
Mahir ÜNAL;KAHRAMANMARAÞ;;Akdeniz;AK Parti;1966;54;Kahramanmaraþ;Akademisyen;AKP;Evli;2;Ýstanbul;Sosyal Yapý ve Sosyal Deðiþme;Yükseklisans;Ýngilizce;Arapça;Erkek;;;;;;;;;;;
Mehmet Cihat SEZAL;KAHRAMANMARAÞ;;Akdeniz;AK Parti;1980;40;Kahramanmaraþ;Ýþinsaný;AKP;Evli;2;Sütçü Ýmam;Kamu Yönetimi;Yükseklisans;Ýngilizce;;Erkek;;;;;;;;;;;
Sefer AYCAN;KAHRAMANMARAÞ;;Akdeniz;MHP;1963;57;Kahramanmaraþ;Doktor ;MHP;Evli;2;Gazi;Týp;Doktora;Ýngilizce;;Erkek;;;;;;;;;;;
Cumhur ÜNAL;KARABÜK;;Karadeniz;AK Parti;1966;54;Karabük;Muhasebeci;AKP;Evli;2;Hacettepe ;Muhasebe;Yüksekokul ;Fransýzca;;Erkek;;;;;;;;;;;
Hüseyin Avni AKSOY;KARABÜK;;Karadeniz;CHP;1956;64;Karabük;Doktor;CHP;Evli;1;Hacettepe ;Týp;Doktora;Ýngilizce;Fransýzca;Erkek;;;;;;;;;;;
Niyazi GÜNEÞ;KARABÜK;;Karadeniz;AK Parti;1953;67;Karabük;Din adamý;AKP;Evli;3;Uludað;Ýlahiyatçý;Lisans;Arapça;Almanca, Ýngilizce;Erkek;;;;;;;;;;;
Ýsmail Atakan ÜNVER;KARAMAN;;Ýç Anadolu;CHP;1974;46;Karaman;Avukat;CHP;Evli;1;Selçuk;Hukuk;Lisans;Ýngilizce;;Erkek;;;;;;;;;;;
Recep ÞEKER;KARAMAN;;Ýç Anadolu;AK Parti;1972;48;Karaman;Doktor;AKP;Evli;3;Erciyes;Týp;Doktora;Ýngilizce;Arapça;Erkek;;;;;;;;;;;
Selman Oðuzhan ESER;KARAMAN;;Ýç Anadolu;AK Parti;1983;37;Karaman;Avukat;AKP;Evli;2;Yakýn Doðu ;Hukuk;Lisans;?;;Erkek;;;;;;;;;;;
Salihe AYDENÝZ;DÝYARBAKIR;;Güneydoðu Anadolu;DBP;1973;47;Diyarbakýr;Hemþire;HDP;Evli;2;Anadolu Üniversitesi Açýk Öðretim Fakültesi ;Ebelik;Lisans;Kürtçe;;Erkek;;;;;;;;;;;
Semra GÜZEL;DÝYARBAKIR;;Güneydoðu Anadolu;HDP;1984;36;Þanlýurfa;Doktor;HDP;?;?;Harran;Týp;Doktora;?;;Kadýn;;;;;;;;;;;
Ayþe KEÞÝR;DÜZCE;;Marmara;AK Parti;1967;53;Düzce;Ýletiþimci;AKP;Evli;3;Yýldýrým Beyazýt;Sosyal Politikalar;Yükseklisans;Ýngilizce;Arapça;Kadýn;;;;;;;;;;;
Fahri ÇAKIR;DÜZCE;;Marmara;AK Parti;1958;62;Düzce;Öðretmen;MHP;Evli;5;Marmara;Matematik;Lisans;?;;Erkek;;;;;;;;;;;
Ümit YILMAZ;DÜZCE;;Marmara;MHP;1971;49;Zonguldak;Eczacý;MHP;Evli;2;Gazi ;Eczacýlýk;Lisans;Ýngilizce;;Erkek;;;;;;;;;;;
Fatma AKSAL;EDÝRNE;;Marmara;AK Parti;1965;55;Edirne;Akademisyen;AKP;Bekar;0;Virginia Polytehnic Institute;Ekonomi;Doktora;Ýngilizce;;Erkek;;;;;;;;;;;
Okan GAYTANCIOÐLU;EDÝRNE;;Marmara;CHP;1967;53;Edirne;Mühendis;CHP;Evli;1;Trakya;Ziraat;Lisans;Ýngilizce;;Erkek;;;;;;;;;;;
Orhan ÇAKIRLAR;EDÝRNE;;Marmara;ÝYÝ Parti;1954;66;Edirne;Özel sektör yöneticisi;MHP;Evli;2;Hacettepe ;Endüstri Mühendisliði;Lisans;?;;Erkek;;;;;;;;;;;
Gürsel EROL;ELAZIÐ;;Doðu Anadolu;CHP;1963;57;Elazýð;Ýþinsaný;SHP;Evli;3;?;?;Lisans;;;Erkek;;;;;;;;;;;
Metin BULUT;ELAZIÐ;;Doðu Anadolu;AK Parti;1971;49;Elazýð;Ýþinsaný;AKP;Evli;3;Fýrat;Biyoloji ve Genetik;Yükseklisans;Ýngilzce;Arapça;Erkek;;;;;;;;;;;
Sermin BALIK;ELAZIÐ;;Doðu Anadolu;AK Parti;1972;48;Tunceli;Ýþinsaný;AKP;Evli;2;Tunceli MYO;?;Yüksekokul ;?;;Kadýn;;;;;;;;;;;
Zülfü DEMÝRBAÐ;ELAZIÐ;;Doðu Anadolu;AK Parti;1956;64;Elazýð;Mühendis;AKP;Evli;4;Fýrat;Ýnþaat Mühendisliði;Lisans;Arapça;Ýngilizce ;Erkek;;;;;;;;;;;
Zülfü Tolga AÐAR;ELAZIÐ;;Doðu Anadolu;AK Parti;1975;45;Ankara;Ýþinsaný;AKP;Evli;1;Mount Ýda College;Ýþletme;Lisans;Ýngilizce;;Erkek;;;;;;;;;;;
Burhan ÇAKIR;ERZÝNCAN;;Doðu Anadolu;AK Parti;1969;51;Erzincan;Muhasebeci;AKP;Evli;2;Erzincan Üni;Özel Hukuk;Yükseklisans;?;;Erkek;;;;;;;;;;;
Süleyman KARAMAN;ERZÝNCAN;;Doðu Anadolu;AK Parti;1956;64;Erzincan;Mühendis;AKP;Evli;3;ÝTÜ;Makine Mühendisliði;Yükseklisans;Ýngilizce;;Erkek;;;;;;;;;;;
Ýbrahim AYDEMÝR;ERZURUM;;Doðu Anadolu;AK Parti;1962;58;Erzurum;Muhasebeci;AKP;Bekar;0;Atatürk;Ýþletme Yönetimi;Lisans;Ýngilizce;;Erkek;;;;;;;;;;;
Kamil AYDIN;ERZURUM;;Doðu Anadolu;MHP;1963;57;Erzurum;Akademisyen;MHP;Evli;2;Warwick;Edebiyat;Doktora;Ýngilizce;Almanca;Erkek;;;;;;;;;;;
Muhammet Naci CÝNÝSLÝ;ERZURUM;;Doðu Anadolu;ÝYÝ Parti;1969;51;Ýstanbul;Ýþinsaný;ÝYÝ;Evli;2;Ýstanbul;Ýþletme;Lisans;Ýngilizce;Almanca;Erkek;;;;;;;;;;;
Recep AKDAÐ;ERZURUM;;Doðu Anadolu;AK Parti;1960;60;Erzurum;Doktor;AKP;Evli;6;Erzurum Atatürk;Týp;Doktora;Ýngilizce;;Erkek;;;;;;;;;;;
Selami ALTINOK;ERZURUM;;Doðu Anadolu;AK Parti;1966;54;Erzurum;Bürokrat;AKP;Evli;3;Ýstanbul;Kamu Yönetimi;Lisans;Ýngilizce;0;Erkek;;;;;;;;;;;
Zehra TAÞKESENLÝOÐLU BAN;ERZURUM;;Doðu Anadolu;AK Parti;1972;48;Erzurum;Ekonomist;AKP;Evli;0;Uludað;Avrupa Birliði Ýliþkileri;Yükseklisans;Ýngilizce;Swahili, Fransýzca;Erkek;Neden kýrmýzý?;;;;;;;;;;
Arslan KABUKCUOÐLU;ESKÝÞEHÝR;;Ýç Anadolu;ÝYÝ Parti;1957;63;Nevþehir ;Doktor;ÝYÝ;Evli;2;Hacettepe ;Týp;Doktora;Ýngilizce;0;Erkek;;;;;;;;;;;
Emine Nur GÜNAY;ESKÝÞEHÝR;;Ýç Anadolu;AK Parti;1962;58;Eskiþehir;Akademisyen;AKP;Evli;2;Vanderbilt ;Ekonomi;Doktora;Ýngilizce;;Erkek;;;;;;;;;;;
Harun KARACAN;ESKÝÞEHÝR;;Ýç Anadolu;AK Parti;1966;54;Eskiþehir;Ýþinsaný;AKP;Evli;2;Konya ;Uluslararasý Ýliþkiker ve Siyaset Bilimi;Yükseklisans;0;;Erkek;;;;;;;;;;;
Jale Nur SÜLLÜ;ESKÝÞEHÝR;;Ýç Anadolu;CHP;1962;58;Eskiþehir;Akademisyen;CHP;Evli;2;Ankara;Ýletiþim;Doktora;Ýngilizce;0;Kadýn;;;;;;;;;;;
Metin Nurullah SAZAK;ESKÝÞEHÝR;;Ýç Anadolu;MHP;1959;61;Eskiþehir;Ýþinsaný;MHP;Evli;2;Ankara;Fen Fakültesi;Lisans;Ýngilizce;0;Erkek;;;;;;;;;;;
Nabi AVCI;ESKÝÞEHÝR;;Ýç Anadolu;AK Parti;1953;67;Eskiþehir;Akademisyen;AKP;Evli;5;ODTÜ;ÝÝBF;Doktora;Almanca;Ýngilizce;Erkek;;;;;;;;;;;
Utku ÇAKIRÖZER;ESKÝÞEHÝR;;Ýç Anadolu;CHP;1970;50;Eskiþehir;Gazeteci;CHP;Evli;?;Bilkent;Bilgisayar Mühendisliði;Yükseklisans;Ýngilizce;0;Erkek;;;;;;;;;;;
Abdullah Nejat KOÇER;GAZÝANTEP;;Güneydoðu Anadolu;AK Parti;1963;57;Gaziantep;Ýþinsaný;AKP;Evli;3;Gaziantep;Ýþletme Yönetimi;Önlisans;0;0;Erkek;;;;;;;;;;;
Ahmet UZER;GAZÝANTEP;;Güneydoðu Anadolu;AK Parti;1956;64;Gaziantep;Ýþinsaný;FP;Evli;3;Çukurova;ÝÝBF;Lisans;0;0;Erkek;;;;;;;;;;;
Ali ÞAHÝN;GAZÝANTEP;;Güneydoðu Anadolu;AK Parti;1970;50;Gaziantep;Diplomat;RP;Evli;2;Pakistan Karaçi Üniversitesi;Uluslararasý Ýliþkiler;Yükseklisans;Ýngilizce;Arapça, Urduca;Erkek;;;;;;;;;;;
Ali Muhittin TAÞDOÐAN;GAZÝANTEP;;Güneydoðu Anadolu;MHP;1973;47;Gaziantep;Doktor;MHP;Evli;4;Selçuk;Týp;Yükseklisans;Ýngilizce;0;Erkek;;;;;;;;;;;
Bayram YILMAZKAYA;GAZÝANTEP;;Güneydoðu Anadolu;CHP;1968;52;Adýyaman;Doktor;CHP;Evli;2;Çukurova;Týp;Yükseklisans;Ýngilizce;0;Erkek;;;;;;;;;;;
Derya BAKBAK;GAZÝANTEP;;Güneydoðu Anadolu;AK Parti;1972;48;Gaziantep;Akademisyen;CHP;Evli;2;Gazi;Mimarlýk;Doktora;Ýngilizce;0;Kadýn;;;;;;;;;;;
Ýmam Hüseyin FÝLÝZ;GAZÝANTEP;;Güneydoðu Anadolu;ÝYÝ Parti;1950;70;Gaziantep;Akademisyen;ÝYÝ Parti;Evli;2;ODTÜ;Makine Mühendisliði;Doktora;Ýngilizce;Almanca;Erkek;;;;;;;;;;;
Ýrfan KAPLAN;GAZÝANTEP;;Güneydoðu Anadolu;CHP;1954;66;Gaziantep;Eczacý;CHP;Evli;3;Anadolu;Eczacýlýk;Lisans;0;0;Erkek;;;;;;;;;;;
Mahmut TOÐRUL;GAZÝANTEP;;Güneydoðu Anadolu;HDP;1967;53;Kahramanmaraþ;Akademisyen;BDP;Evli;1;Dicle;Kimya;Doktora;Ýngilizce;Kürtçe;Erkek;;;;;;;;;;;
Mehmet ERDOÐAN;GAZÝANTEP;;Güneydoðu Anadolu;AK Parti;1956;64;Adýyaman;Ýþinsaný;AKP;Evli;6;Anadolu;ÝÝBF;Lisans;0;0;Erkek;;;;;;;;;;;
Mehmet Sait KÝRAZOÐLU;GAZÝANTEP;;Güneydoðu Anadolu;AK Parti;1973;47;Adýyaman;Bürokrat;AKP;Evli;4;Ankara;SBF;Yükseklisans;Ýngilizce;0;Erkek;;;;;;;;;;;
Müslüm YÜKSEL;GAZÝANTEP;;Güneydoðu Anadolu;AK Parti;1994;26;Gaziantep;Öðrenci;AKP;Bekar;0;Baþkent;Hukuk;Lisans;Ýngilizce;0;Erkek;;;;;;;;;;;
Sermet ATAY;GAZÝANTEP;;Güneydoðu Anadolu;MHP;1964;56;Gaziantep;Avukat;MHP;Evli;3;Ýstanbul;Hukuk;Lisans;Ýngilizce;Rusça;Erkek;;;;;;;;;;;
Cemal ÖZTÜRK;GÝRESUN;;Karadeniz;AK Parti;1958;62;Giresun;Akademisyen;AKP;Evli;4;Ankara;Ýþletme;Doktora;Ýngilizce;0;Erkek;;;;;;;;;;;
Kadir AYDIN;GÝRESUN;;Karadeniz;AK Parti;1971;49;Giresun;Avukat;AKP;Evli;3;Ýstanbul;Hukuk;Lisans;0;0;Erkek;;;;;;;;;;;
Necati TIÐLI;GÝRESUN;;Karadeniz;CHP;1983;37;Giresun;Esnaf;CHP;Evli;1;Anadolu;Sosyoloji;Lisans;0;0;Erkek;;;;;;;;;;;
Sabri ÖZTÜRK;GÝRESUN;;Karadeniz;AK Parti;1973;47;Giresun;Avukat;FP;Evli;3;Ýstanbul;Hukuk;Lisans;0;0;Erkek;;;;;;;;;;;
Cihan PEKTAÞ;GÜMÜÞHANE;;Karadeniz;AK Parti;1970;50;Gümüþhane;Bürokrat;RP;Evli;2;Anadolu;Ýktisat;Lisans;0;0;Erkek;;;;;;;;;;;
Hacý Osman AKGÜL;GÜMÜÞHANE;;Karadeniz;AK Parti;1960;60;Gümüþhane;Bürokrat;RP;Evli;3;Yýldýz;Makine Mühendisliði;Lisans;Ýngilizce;0;Erkek;;;;;;;;;;;
Husret DÝNÇ;HAKKARÝ;;Güneydoðu Anadolu;AK Parti;1969;51;Ýran;Korucu;AKP;Evli;19;0;0;Ortaokul;Kürtçe;Arapça, Farsça;Erkek;;;;;;;;;;;
Sait DEDE;HAKKARÝ;;Güneydoðu Anadolu;HDP;1985;35;Hakkari;Doktor;HDP;Bekar;0;Mersin;Týp;Lisans;Kürtçe;0;Erkek;;;;;;;;;;;
Abdulkadir ÖZEL;HATAY;;Akdeniz;AK Parti;1979;41;Hatay;Avukat;AKP;Evli;4;Ankara;Hukuk;Lisans;Arapça;0;Erkek;;;;;;;;;;;
Barýþ Atay MENGÜLLÜOÐLU;HATAY;;Akdeniz;TÝP;1981;39;Almanya;Sanatçý;HDP;Evli;0;Yeditepe;Tiyatro;Lisans;Almanca;0;Erkek;;;;;;;;;;;
Hacý Bayram TÜRKOÐLU;HATAY;;Akdeniz;AK Parti;1954;66;Hatay;Eczacý;AKP;Evli;3;Hacettepe ;Eczacýlýk;Lisans;Ýngilizce;Arapça;Erkek;;;;;;;;;;;
Hüseyin ÞANVERDÝ;HATAY;;Akdeniz;AK Parti;1963;57;Hatay;Ýþinsaný;AKP;Evli;5;Anadolu;Ýktisat;Lisans;Arapça;0;Erkek;;;;;;;;;;;
Hüseyin YAYMAN;HATAY;;Akdeniz;AK Parti;1969;51;Hatay;Akademisyen;AKP;Evli;2;Ýstanbul;Kamu Yönetimi;Doktora;Ýngilizce;0;Erkek;;;;;;;;;;;
Ýsmet TOKDEMÝR;HATAY;;Akdeniz;CHP;1959;61;Hatay;Ýþinsaný;CHP;Evli;2;Süleyman Demirel;Fen ve Tabiat Bilgisi;Lisans;Arapça;Fransýzca;Erkek;;;;;;;;;;;
Lütfi KAÞIKÇI;HATAY;;Akdeniz;MHP;1982;38;Hatay;Mühendis;MHP;Bekar;0;Mustafa Kemal;Ýnþaat Mühendisliði;Yüksek Lisans ;0;0;Erkek;;;;;;;;;;;
Mehmet GÜZELMANSUR;HATAY;;Akdeniz;CHP;1967;53;Hatay;Mühendis;CHP;Evli;2;ODTÜ;Makine Mühendisliði;Yükseklisans;Ýngilizce;Arapça;Erkek;;;;;;;;;;;
Sabahat ÖZGÜRSOY ÇELÝK;HATAY;;Akdeniz;AK Parti;1982;38;Hatay;Avukat;AKP;Evli;3;Dicle;Hukuk;Lisans;0;0;Kadýn;;;;;;;;;;;
Serkan TOPAL;HATAY;;Akdeniz;CHP;1976;44;Hatay;Öðretmen;CHP;Evli;1;Mustafa Kemal;Sýnýf Öðretmenliði;Lisans;Ýngilizce;Arapça;Erkek;;;;;;;;;;;
Suzan ÞAHÝN;HATAY;;Akdeniz;CHP;1968;52;Hatay;Avukat;CHP;Bekar;0;Ýstanbul;Hukuk;Lisans;Ýngilizce;0;Kadýn;;;;;;;;;;;
Habip EKSÝK;IÐDIR;;Doðu Anadolu;HDP;1985;35;Iðdýr;Doktor;HDP;Evli;1;Atatürk;Týp;Lisans;Ýngilizce;0;Erkek;;;;;;;;;;;
Yaþar KARADAÐ;IÐDIR;;Doðu Anadolu;MHP;1976;44;Iðdýr;Öðretmen;MHP;Evli;3;Atatürk;Coðrafya Öðretmenliði;Lisans;0;0;Erkek;;;;;;;;;;;
Aylin CESUR;ISPARTA;;Akdeniz;ÝYÝ Parti;1970;50;Eskiþehir;Doktor;ÝYÝ Parti;Evli;0;Ankara;Týp;Doktora;Ýngilizce;0;Kadýn;;;;;;;;;;;
Mehmet Uður GÖKGÖZ;ISPARTA;;Akdeniz;AK Parti;1968;52;Isparta;Ýþinsaný;RP;Evli;4;0;0;Lise;0;0;Erkek;;;;;;;;;;;
Recep ÖZEL;ISPARTA;;Akdeniz;AK Parti;1969;51;Isparta;Avukat;AKP;Evli ;2;Marmara;Hukuk;Lisans;Ýngilizce;0;Erkek;;;;;;;;;;;
Süreyya Sadi BÝLGÝÇ;ISPARTA;;Akdeniz;AK Parti;1961;59;Ankara;Özel sektör yöneticisi;AKP;Evli;2;Ýstanbul;Ýktisat;Lisans;Ýngilizce;Almanca;Erkek;;;;;;;;;;;
Abdul Ahat ANDÝCAN;ÝSTANBUL;;Marmara;ÝYÝ Parti;1950;70;Afganistan;Doktor;ANAP;Evli;2;Ýstanbul;Týp;Doktora;Ýngilizce;Fransýzca, Özbekçe;Erkek;;;;;;;;;;;
Abdullah GÜLER;ÝSTANBUL;;Marmara;AK Parti;1969;51;Sivas;Avukat;AKP;?;?;Ýstanbul;Hukuk;Lisans;Ýngilizce;0;Erkek;;;;;;;;;;;
Ahmet ÇELÝK;ÝSTANBUL;;Marmara;ÝYÝ Parti;1957;63;Aðrý;Gazeteci;ÝYÝ Parti;Evli;2;Ege;Turizm;Önlisans;0;0;Erkek;;;;;;;;;;;
Ahmet ÞIK;ÝSTANBUL;;Marmara;BAÐIMSIZ;1970;50;Adana;Gazeteci;HDP;Evli;1;Ýstanbul;Gazetecilik;Lisans;0;0;Erkek;;;;;;;;;;;
Ahmet Berat ÇONKAR;ÝSTANBUL;;Marmara;AK Parti;1976;44;Ankara;Diplomat;AKP;Evli;3;Boðaziçi;Ýþletme;Yükseklisans;Ýngilizce;Ýspanyolca;Erkek;;;;;;;;;;;
Ahmet Hamdi ÇAMLI;ÝSTANBUL;;Marmara;AK Parti;1965;55;Ýstanbul;Þoför;AKP;Evli;3;0;0;Lise;0;0;Erkek;;;;;;;;;;;
Ahmet Mücahit ARINÇ;ÝSTANBUL;;Marmara;AK Parti;1986;34;Manisa;Özel sektör yöneticisi;AKP;Evli;2;Bilgi;Siyaset Bilimi;Lisans;Ýngilizce;0;Erkek;;;;;;;;;;;
Ahmet Ünal ÇEVÝKÖZ;ÝSTANBUL;;Marmara;CHP;1952;68;Ýstanbul;Diplomat;CHP;Evli;2;Boðaziçi;Ýngiliz Dili ve Edebiyatý;Yükseklisans;Ýngilizce;Fransýzca, Rusça, Almanca ve Ýtalyanca;Erkek;;;;;;;;;;;
Akif Çaðatay KILIÇ;ÝSTANBUL;;Marmara;AK Parti;1976;44;Almanya;Siyasetçi;AKP;Evli;2;Hertfordshire;Siyaset;Lisans;Ýngilizce;Almanca;Erkek;;;;;;;;;;;
Alev DEDEGÝL;ÝSTANBUL;;Marmara;AK Parti;1958;62;Ýstanbul;Siyasetçi;AKP;Bekar;0;Marmara;Kamu Yönetimi;Lisans;Ýngilizce;;Kadýn;;;;;;;;;;;
Ali KENANOÐLU;ÝSTANBUL;;Marmara;HDP;1971;49;Tokat;Muhasebeci;HDP;Evli;3;Ýstanbul;Sosyoloji;Lisans;;;Erkek;;;;;;;;;;;
Ali ÞEKER;ÝSTANBUL;;Marmara;CHP;1968;52;Sivas;Doktor;CHP;Evli;3;Cerrahpaþa;Hastane Ýþletm;Lisans;Ýngilizce;;Erkek;;;;;;;;;;;
Arzu ERDEM;ÝSTANBUL;;Marmara;MHP;1970;50;Almanya;Akademisyen;MHP;Evli;2;Bahçeþehir;Siyaset;Doktora;Ýngilizce;Almanca;Kadýn;;;;;;;;;;;
Aykut ERDOÐDU;ÝSTANBUL;;Marmara;CHP;1972;48;Kars;Bürokrat;CHP;Evli;2;Gazi;Ýktisat;Yükseklisans;Ýngilizce;Almanca;Erkek;;;;;;;;;;;
Aziz BABUÞCU;ÝSTANBUL;;Marmara;AK Parti;1964;56;Trabzon;Muhasebeci;AKP;Evli;2;Marmara;Ýktisat;Lisans;Ýngilizce;;Erkek;;;;;;;;;;;
Canan KALSIN;ÝSTANBUL;;Marmara;AK Parti;1967;53;Elazýð;Ýþinsaný;AKP;Bekar;0;Marmara;Türk Dili ;Yükseklisans;Ýngilizce;Osmanlýca;Kadýn;;;;;;;;;;;
Celal ADAN;ÝSTANBUL;;Marmara;MHP;1951;69;Aðrý;Mühendis;MHP;Evli;2;Ýstanbul;Orman ;Lisans;Ýngilizce;;Erkek;;;;;;;;;;;
Cemal ÇETÝN;ÝSTANBUL;;Marmara;MHP;1963;57;Kayseri;Mühendis;MHP;Evli;2;Çukurova;Mühendislik;Lisans;Ýngilizce;;Erkek;;;;;;;;;;;
Dilþat CANBAZ KAYA;ÝSTANBUL;;Marmara;HDP;1973;47;Ankara;Ýþçi;HDP;Evli;3;;;Lise mezunu;;;Kadýn;;;;;;;;;;;
Edip Semih YALÇIN;ÝSTANBUL;;Marmara;MHP;1958;62;Sivas;Akademisyen;MHP;Evli;4;Ankara;Tarih.Coðrafya;Profesör;Ýngilizce;;Erkek;;;;;;;;;;;
Emine Gülizar EMECAN;ÝSTANBUL;;Marmara;CHP;1968;52;Antalya;Mühendis;CHP;Evli;2;Ýstanbul Teknik;Ýnþaat;Yükseklisans;Ýngilizce;;Kadýn;;;;;;;;;;;
Emine Sare AYDIN;ÝSTANBUL;;Marmara;AK Parti;1975;45;Zonguldak;Akademisyen;AKP;Evli ;1;Ýstanbul ;Alman Dili;Doktora;Ýngilizce;Almanca;Kadýn;;;;;;;;;;;
Engin ALTAY;ÝSTANBUL;;Marmara;CHP;1963;57;Sinop;Öðretmen;CHP;Evli;1;Dokuz Eylül;;Lisans;Ýngilizce;;Erkek;;;;;;;;;;;
Erdoðan TOPRAK;ÝSTANBUL;;Marmara;CHP;1961;59;Adana;Ýþinsaný;CHP;Evli;3;Anadolu;Sosyal Bilimler;Lisans;;;Erkek;;;;;;;;;;;
Erkan BAÞ;ÝSTANBUL;;Marmara;TÝP;1979;41;Almanya;Siyasetçi;TÝP;Evli;2;Ýstanbul;Edebiyat;Lisans;;;Erkek;;;;;;;;;;;
Erkan KANDEMÝR;ÝSTANBUL;;Marmara;AK Parti;1981;39;Ýstanbul ;Mühendis;AKP;Evli;1;Sakarya;Ýnþaat;Lisans;Ýngilizce;;Erkek;;;;;;;;;;;
Erol KATIRCIOÐLU;ÝSTANBUL;;Marmara;HDP;1951;69;Ýstanbul;Akademisyen ;HDP;Evli;?;Ýstanbul;Ýktisat;Doktora;Ýngilizce;;Erkek;;;;;;;;;;;
Erol KAYA;ÝSTANBUL;;Marmara;AK Parti;1959;61;Sakarya;Siyasetçi;AKP;Evli ;3;Anadolu;Ýktisat;Yükseklisans;Ýngilizce;;Erkek;;;;;;;;;;;
Eyüp ÖZSOY;ÝSTANBUL;;Marmara;AK Parti;1983;37;Ýstanbul ;Mimar;AKP;Evli;2;Ýstanbul;Mimarlýk;Lisans;Ýngilizce;Arapça;Erkek;;;;;;;;;;;
Fatih Mehmet ÞEKER;ÝSTANBUL;;Marmara;BAÐIMSIZ;1975;45;Mersin ;Akademisyen;Baðýmsýz;?;?;Uludað;;Doktora;;;Erkek;;;;;;;;;;;
Fatih Süleyman DENÝZOLGUN;ÝSTANBUL;;Marmara;AK Parti;1987;33;Üsküdar;Mühendis;AKP;?;?;Ýstanbul Teknik;Ýnþaat;Yükseklisans;;;Erkek;;;;;;;;;;;
Fatma Betül SAYAN KAYA;ÝSTANBUL;;Marmara;AK Parti;1981;39;Ýstanbul ;Doktor;AKP;Evli ;2;Cerrahpaþa;Týp;Yükseklisans;Ýngilizce;;Kadýn;;;;;;;;;;;
Fethi AÇIKEL;ÝSTANBUL;;Marmara;CHP;1970;50;Antakya;Akademisyen;CHP;Evli ;2;Ankara;Siyasal Bilim;Doktora;Ýngilizce;;Erkek;;;;;;;;;;;
Feti YILDIZ;ÝSTANBUL;;Marmara;MHP;1953;67;Yozgat;Avukat;MHP;Evli ;2;Ýstanbul;Hukuk;Lisans;Fransýzca;;Erkek;;;;;;;;;;;
Gamze AKKUÞ ÝLGEZDÝ;ÝSTANBUL;;Marmara;CHP;1969;51;Ýstanbul ;Diþ Hekimi;CHP;Evli ;1;Marmara;Diþ Hekimliði;Doktora;Ýngilizce;;Kadýn;;;;;;;;;;;
Gökan ZEYBEK;ÝSTANBUL;;Marmara;CHP;1964;56;Bayburt;Siyasetçi;CHP;Evli ;2;Ýstanbul Teknik;Mimarlýk;Lisans;Ýngilizce;;Erkek;;;;;;;;;;;
Gürsel TEKÝN;ÝSTANBUL;;Marmara;CHP;1964;56;Ardahan;Siyasetçi;CHP;Evli ;3;;;;;;Erkek;;;;;;;;;;;
Hakký Saruhan OLUÇ;ÝSTANBUL;;Marmara;HDP;1958;62;Ýstanbul;Mühendis;ÖDP;Evli ;?;Almanya;Makine Mühendisliði;Yükseklisans;;;Erkek;;;;;;;;;;;
Halis DALKILIÇ;ÝSTANBUL;;Marmara;AK Parti;1968;52;Malatya;Ýþinsaný;AKP;Evli ;3;Anadolu;Ýktisat;Lisans;;;Erkek;;;;;;;;;;;
Hasan TURAN;ÝSTANBUL;;Marmara;AK Parti;1967;53;Giresun ;Ýþinsaný;AKP;Evli ;2;Beykent ;Yönetiþim;Lisans;Ýngilizce;;Erkek;;;;;;;;;;;
Hayati ARKAZ;ÝSTANBUL;;Marmara;MHP;;2020;Sivas;Ýþinsaný;MHP;Evli ;2;Çapa;Týp;Lisans;;;Erkek;;;;;;;;;;;
Hayrettin NUHOÐLU;ÝSTANBUL;;Marmara;ÝYÝ Parti;1953;67;Trabzon ;Ýþinsaný;Ýyi Parti ;Evli ;3;Yýldýz Teknik;Ýnþaat;Yükseklisans;Ýngilizce;;Erkek;;;;;;;;;;;
Hulusi ÞENTÜRK;ÝSTANBUL;;Marmara;AK Parti;1963;57;Ýstanbul ;Ýþinsaný;AKP;Evli ;3;Ýstanbul Teknik;Ýþletme;Lisans;Ýngilizce;;Erkek;;;;;;;;;;;
Hüda KAYA;ÝSTANBUL;;Marmara;HDP;1960;60;Ýstanbul;Siyasetçi;HDP;Evli ;4;.;.;.;Ýngilizce;;Kadýn;;;;;;;;;;;
Ýbrahim Özden KABOÐLU;ÝSTANBUL;;Marmara;CHP;1950;70;Artvin;Akademisyen;CHP;Evli ;1;Ankara;Hukuk;Doktora;Fransýzca;Ýngilizce;Erkek;;;;;;;;;;;
Ýffet POLAT;ÝSTANBUL;;Marmara;AK Parti;1968;52;Ýstanbul;Sivil Toplum Yöneticisi;AKP;Evli ;2;Boðaziçi;Türk Dili ;Lisans;Ýngilizce;Arapça;Kadýn;;;;;;;;;;;
Ýlhan KESÝCÝ;ÝSTANBUL;;Marmara;CHP;1948;72;Sivas;Mühendis;CHP;Evli ;1;ODTU;Endüstri;Yükseklisans;Ýngilizce;;Erkek;;;;;;;;;;;
Ýsmail Faruk AKSU;ÝSTANBUL;;Marmara;MHP;1963;57;Ünye;Bürokrat;MHP;Evli ;2;Uludað;Ýktisat;Lisans;Ýngilizce;;Erkek;;;;;;;;;;;
Ýsmet UÇMA;ÝSTANBUL;;Marmara;AK Parti;1955;65;Fatsa;Siyasetçi;AKP;Evli ;6;Marmara;Ýlahiyat;Doktora;Ýngilizce;Arapça;Erkek;;;;;;;;;;;
Ýzzet Ulvi YÖNTER;ÝSTANBUL;;Marmara;MHP;1976;44;Afyonkarahisar;Bürokrat;MHP;Evli ;1;Ýstanbul;Ýktisat;Lisans;Ýngilizce;;Erkek;;;;;;;;;;;
Mahmut TANAL;ÝSTANBUL;;Marmara;CHP;1961;59;Þanslýurfa;Avukat;CHP;Evli ;2;Ýstanbul;Hukuk;Lisans;Almanca;;Erkek;;;;;;;;;;;
Mehmet BEKAROÐLU;ÝSTANBUL;;Marmara;CHP;1954;66;Rize;Akademisyen   ;CHP;Evli ;7;Ankara;;Profesör;Ýngilizce;;Erkek;;;;;;;;;;;
Mehmet MUÞ;ÝSTANBUL;;Marmara;AK Parti;1982;38;Trabzon;Ekonomist;AKP;Evli;1;;Ekonomi;Yüksek Lisans;Ýngilizce;;Erkek;;;;;;;;;;;
Mehmet Akif HAMZAÇEBÝ;ÝSTANBUL;;Marmara;CHP;1953;67;Trabzon;Bürokrat;CHP;Evli;1;Washington State University;Ekonomi;Yüksek Lisans;Ýngilizce;;Erkek;;;;;;;;;;;
Mehmet Doðan KUBAT;ÝSTANBUL;;Marmara;AK Parti;1969;51;Ankara;Avukat;AKP;Evli;2;Gazi Üniversitesi;Hukuk;Yüksek Lisans;Ýngilizce;;Erkek;;;;;;;;;;;
Memet Bülent KARATAÞ;ÝSTANBUL;;Marmara;MHP;1970;50;Kars;Siyasetçi;MHP;Evli;3;Marmara;.;.;Ýngilizce;;Erkek;;;;;;;;;;;
Mihrimah Belma SATIR;ÝSTANBUL;;Marmara;AK Parti;1961;59;Erzurum;Avukat;AKP;Evli;1;.;Hukuk;Lisans;Yok;;Kadýn;;;;;;;;;;;
Musa PÝROÐLU;ÝSTANBUL;;Marmara;HDP;1968;52;Kýrþehir;Öðretmen;BSP;Bekar;0;Ýstanbul Üniversitesi;Tarih;Lisans;Yok;;Erkek;;;;;;;;;;;
Mustafa ATAÞ;ÝSTANBUL;;Marmara;AK Parti;1957;63;Tunceli;Siyasetçi;Milli Selamet Partisi;Evli;2;Dokuz Eylül Üniversitesi;Ýlahiyat;Lisans;Ýngilizce;Arapça;Erkek;;;;;;;;;;;
Mustafa DEMÝR;ÝSTANBUL;;Marmara;AK Parti;1961;59;Trabzon;Mimar;AKP;Evli;5;Marmara Üniversitesi;Mimarlýk;Lisans;Yok;;Erkek;;;;;;;;;;;
Mustafa YENEROÐLU;ÝSTANBUL;;Marmara;DEVA;1975;45;Bayburt;Avukat;AKP;Evli;3;Karadeniz Teknik Üniversitesi;Hukuk;Lisans;Ýngilizce;Almanca;Erkek;;;;;;;;;;;
Mustafa Sezgin TANRIKULU;ÝSTANBUL;;Marmara;CHP;1963;57;Diyarbakýr;Avukat;CHP;Evli;3;Köln Üniversitesi;Kamu Hukuku;Yüksek Lisans;Ýngilizce;Kürtçe;Erkek;;;;;;;;;;;
Müþerref Pervin Tuba DURGUT;ÝSTANBUL;;Marmara;AK Parti;1973;47;Rize;Siyasetçi;AKP;Evli;2;Dicle Üniversitesi;Halk Saðlýðý;Yüksek Lisans;Ýngilizce;;Kadýn;;;;;;;;;;;
Nazýr Cihangir ÝSLAM;ÝSTANBUL;;Marmara;BAÐIMSIZ;1959;61;Sakarya;Doktor;Saadet Partisi;Evli;3;Indiana Üniversitesi;Týp;Yüksek Lisans;Ýngilizce;Almanca & Arapça;Erkek;;;;;;;;;;;
Nevzat ÞATIROÐLU;ÝSTANBUL;;Marmara;AK Parti;1967;53;Sivas;Ýþinsaný;AKP;Evli;2;McGill Üniversitesi;Ýþletme;Yüksek Lisans;Ýngilizce;;Erkek;;;;;;;;;;;
Numan KURTULMUÞ;ÝSTANBUL;;Marmara;AK Parti;1959;61;Ordu;Ýþinsaný;Fazilet Partisi;Evli;3;Beykent Üniversitesi;Ýþletme;Yüksek Lisans;Yok;;Erkek;;;;;;;;;;;
Nurettin CANÝKLÝ;ÝSTANBUL;;Marmara;AK Parti;1960;60;Giresun;Bürokrat;AKP;Evli;4;Ýstanbul Üniversitesi;Finans;Yüksek Lisans;Ýngilizce;;Erkek;;;;;;;;;;;
Oðuz Kaan SALICI;ÝSTANBUL;;Marmara;CHP;1972;48;Gaziantep;Siyasetçi;CHP;Evli;2;Sheffield Üniversitesi;Siyaset Bilimi;Lisans;Ýngilizce;;Erkek;;;;;;;;;;;
Onursal ADIGÜZEL;ÝSTANBUL;;Marmara;CHP;1985;35;Malatya;Mühendis;CHP;Evli;1;Boðaziçi Üniversitesi;Endüstri Mühendisi;Lisans;Ýngilizce;;Erkek;;;;;;;;;;;
Osman BOYRAZ;ÝSTANBUL;;Marmara;AK Parti;1974;46;Sivas;Mühendis;AKP;Evli;1;Yýldýz Teknik Üniversitesi;Harita Mühendisi;Yüksek Lisans;Ýngilizce;;Erkek;;;;;;;;;;;
Oya ERSOY;ÝSTANBUL;;Marmara;HDP;1970;50;Erzincan;Avukat;HDP;?;?;Gebze Yüksek Teknoloji Enstütüsü;Hukuk;Lisans;Yok;;Kadýn;;;;;;;;;;;
Özgür KARABAT;ÝSTANBUL;;Marmara;CHP;1974;46;Tokat;Ýþinsaný;CHP;Evli;1;Ankara Üniversitesi;Siyaset Bilimi;Yüksek Lisans;Yok;;Erkek;;;;;;;;;;;
Pervin BULDAN;ÝSTANBUL;;Marmara;HDP;1967;53;Hakkari;Siyasetçi;HADEP;Evli;2;Ýstanbul Üniversitesi;.;.;.;Kürtçe;Kadýn;;;;;;;;;;;
Ravza KAVAKCI KAN;ÝSTANBUL;;Marmara;AK Parti;1972;48;Ýstanbul;Siyasetçi;AKP;Evli;1;.;Siyaset Bilimi;Doktora;Ýngilizce;;Kadýn;;;;;;;;;;;
Rümeysa KADAK;ÝSTANBUL;;Marmara;AK Parti;1996;24;Ýstanbul;Siyasetçi;AKP;Bekar;0;Howard Üniversitesi;Ýngilizce Öðretmenliði;Lisans;Ýngilizce;;Kadýn;;;;;;;;;;;
Saliha Sera KADIGÝL SÜTLÜ;ÝSTANBUL;;Marmara;CHP;1984;36;Ýstanbul;Avukat;CHP;Evli;0;Marmara Üniversitesi;Hukuk;Yüksek Lisans;Ýngilizce;;Kadýn;;;;;;;;;;;
Serap YAÞAR;ÝSTANBUL;;Marmara;AK Parti;1965;55;Malatya;Siyasetçi;AKP;Evli;2;Ýstanbul Üniversitesi;Hukuk;Lisans;Ýngilizce;Fransýzca;Kadýn;;;;;;;;;;;
Serkan BAYRAM;ÝSTANBUL;;Marmara;AK Parti;1974;46;Erzincan;Avukat;AKP;Evli;2;Ýstanbul Üniversitesi;Sosyal Bilimler;Yüksek Lisans;Yok;Fransýzca;Erkek;;;;;;;;;;;
Sibel ÖZDEMÝR;ÝSTANBUL;;Marmara;CHP;1979;41;Ýstanbul;Akademisyen;CHP;Bekar;0;Marmara Üniversitesi;Ekonomi;Doktora;Ýngilizce;;Kadýn;;;;;;;;;;;
Þamil AYRIM;ÝSTANBUL;;Marmara;AK Parti;1950;70;Iðdýr;Bankacý;AKP;Evli;2;Marmara Üniversitesi;Makine Mühendisliði;Lisans;.;;Erkek;;;;;;;;;;;
Þirin ÜNAL;ÝSTANBUL;;Marmara;AK Parti;1954;66;Sinop;Asker;AKP;Evli;3;Ýstanbul Teknik Üniversitesi;Asker;Lisans;Ýngilizce;Fransýzca;Erkek;;;;;;;;;;;
Turan AYDOÐAN;ÝSTANBUL;;Marmara;CHP;1964;56;Gümüþhane;Avukat;CHP;Evli;2;Hava Harp Okulu;Hukuk;Lisans;Ýngilizce;Almanca;Erkek;;;;;;;;;;;
Tülay KAYNARCA;ÝSTANBUL;;Marmara;AK Parti;1969;51;Ýzmit;Gazeteci;AKP;Evli;3;Ankara Üniversitesi;Halkla Ýliþkiler;Yüksek Lisans;.;.;Kadýn;;;;;;;;;;;
Ümit BEYAZ;ÝSTANBUL;;Marmara;ÝYÝ Parti;1971;49;Gümüþhane;Ýþinsaný;Ýyi Parti;Evli;3;Ýstanbul Üniversitesi;.;Lise;.;.;Erkek;;;;;;;;;;;
Ümit ÖZDAÐ;ÝSTANBUL;;Marmara;ÝYÝ Parti;1961;59;Tokyo;Akademisyen;MHP;Evli;1;.;Siyaset Bilimi;Doktora;Ýngilizce;.;Erkek;;;;;;;;;;;
Vedat DEMÝRÖZ;ÝSTANBUL;;Marmara;AK Parti;1959;61;Bitlis;Ýþinsaný;AKP;Evli;3;Münih Ludwig Maximilians Üniversitesi ;Ýþletme;Lisans;.;.;Erkek;;;;;;;;;;;
Volkan BOZKIR;ÝSTANBUL;;Marmara;AK Parti;1950;70;Ankara;Diplomat;AKP;Evli;2;Marmara Üniversitesi;Hukuk;Lisans;Ýngilizce;Fransýzca;Erkek;;;;;;;;;;;
Yavuz AÐIRALÝOÐLU;ÝSTANBUL;;Marmara;ÝYÝ Parti;1972;48;Trabzon;Ýþinsaný;MHP;Evli;3;Ankara Üniversitesi;Siyaset Bilimi;Lisans;.;.;Erkek;;;;;;;;;;;
Yunus EMRE;ÝSTANBUL;;Marmara;CHP;1982;38;Ýzmit;Akademisyen;CHP;Evli;1;Ankara Üniversitesi;Siyaset Bilimi;Doktora;Ýngilizce;.;Erkek;;;;;;;;;;;
Yüksel Mansur KILINÇ;ÝSTANBUL;;Marmara;CHP;1961;59;Ýstanbul;Siyasetçi;CHP;Evli;1;Boðaziçi Üniversitesi;Siyaset Bilimi;Yüksek Lisans;Ýngilizce;.;Erkek;;;;;;;;;;;
Zafer SIRAKAYA;ÝSTANBUL;;Marmara;AK Parti;1974;46;Herne;Siyasetçi;AKP;Evli;3;Ýstanbul Üniversitesi;Siyaset Bilimi;Yüksek Lisans;Ýngilizce;Almanca;Erkek;;;;;;;;;;;
Zeynel EMRE;ÝSTANBUL;;Marmara;CHP;1981;39;Manisa;Siyasetçi;CHP;Evli;2;Wales Üniversitesi;Hukuk;Lisans;.;.;Erkek;;;;;;;;;;;
Zeynel ÖZEN;ÝSTANBUL;;Marmara;HDP;1957;63;Maraþ;Öðretmen;HDP;Evli;4;Bilgi Üniversitesi;;Mesleki Eðitim;Ýngilizce;Ýsveççe, Kürtçe;Erkek;;;;;;;;;;;
Züleyha GÜLÜM;ÝSTANBUL;;Marmara;HDP;1971;49;Ardahan;Avukat;HDP;?;?;Akþehir Öðretmen Okulu;Hukuk;Lisans;.;.;Kadýn;;;;;;;;;;;
Ahmet Tuncay ÖZKAN;ÝZMÝR;;Ege;CHP;1966;54;Ankara;Gazeteci;CHP;Evli;2;Ýstanbul Üniversitesi;Fen Bilimleri;Yüksek Lisans;.;.;Erkek;;;;;;;;;;;
Atila SERTEL;ÝZMÝR;;Ege;CHP;1956;64;Eskiþehir;Gazeteci;CHP;Evli;2;Gazi Üniversitesi;Gazetecilik;Yüksek Lisans;.;.;Erkek;;;;;;;;;;;
Aytun ÇIRAY;ÝZMÝR;;Ege;ÝYÝ Parti;1957;63;Ýzmir;Doktor;DYP;Evli;2;Ege Üniversitesi;Týp;Yüksek Lisans;.;Fransýzca;Erkek;;;;;;;;;;;
Bedri SERTER;ÝZMÝR;;Ege;CHP;1960;60;Ýzmir;Ýþinsaný;CHP;Evli;3;Ege Üniversitesi;Ýletiþim;Lisans;.;.;Erkek;;;;;;;;;;;
Binali YILDIRIM;ÝZMÝR;;Ege;AK Parti;1955;65;Erzincan;Ýþinsaný;AKP;Evli;3;9 Eylül Üniversitesi;Gemi Ýnþaatý;Yüksek Lisans;Ýngilizce;Fransýzca;Erkek;;;;;;;;;;;
Cemal BEKLE;ÝZMÝR;;Ege;AK Parti;1978;42;Ýzmir;Ýþinsaný;AKP;Evli;?;Ýstanbul Teknik Üniversitesi;Sosyoloji;Lisans;Ýngilizce;Ýtalyanca;Erkek;;;;;;;;;;;
Ceyda BÖLÜNMEZ ÇANKIRI;ÝZMÝR;;Ege;AK Parti;1978;42;Ankara;Ýþinsaný;AKP;Evli;2;Sakarya Üniversitesi;Ýþletme;Lisans;Ýngilizce;.;Kadýn;;;;;;;;;;;
Dursun Müsavat DERVÝÞOÐLU;ÝZMÝR;;Ege;ÝYÝ Parti;1960;60;Ankara;Ýþinsaný;MHP;Evli;1;Baþkent Üniversitesi;Ýþletme;Lisans;.;.;Erkek;;;;;;;;;;;
Ednan ARSLAN;ÝZMÝR;;Ege;CHP;1979;41;Erzincan;Ýþinsaný;CHP;Evli;2;Gazi Üniversitesi;Elektrik.Elektronik Mühendisliði Bölümü’;Lisans;.;.;Erkek;;;;;;;;;;;
Fehmi Alpay ÖZALAN;ÝZMÝR;;Ege;AK Parti;1973;47;Ýzmir;Sporcu;AKP;Evli;2;0;0;0;0;0;Erkek;;;;;;;;;;;
Hamza DAÐ;ÝZMÝR;;Ege;AK Parti;1980;40;Manisa;Avukat;AKP;Evli;2;Dokuz Eylül Üniversitesi;Hukuk;Lisans;.;.;Erkek;;;;;;;;;;;
Hasan KALYONCU;ÝZMÝR;;Ege;MHP;1969;51;Trabzon;Akademisyen;MHP;Evli;1;19 Mayýs;Biyoloji Öðretmenliði;Doktora;Ýngilizce;;Erkek;;;;;;;;;;;
Kamil Okyay SINDIR;ÝZMÝR;;Ege;CHP;1962;58;Ýzmir;Akademisyen;;Evli;2;Ege Üniversitesi;Ziraat Mühendisliði;Doktora;Ýngilizce;Almanca, Fransýzca;Erkek;;;;;;;;;;;
Refik ÖZEN;BURSA;;Marmara;AK Parti;1975;45;Bursa;Ýþinsaný;;Evli;3;Uludað;Gýda;Lisans;Ýngilizce;;Erkek;;;;;;;;;;;
Vildan YILMAZ GÜREL;BURSA;;Marmara;AK Parti;1976;44;Bursa;Avukat;;Evli;3;Marmara;Hukuk;Lisans;;;Kadýn;;;;;;;;;;;
Yüksel ÖZKAN;BURSA;;Marmara;CHP;1960;60;Bulgaristan;Týp;;Evli ;2;Cerrahpaþa;Týp;Lisans;Ýngilizce;"Bulgarca Rusça	Almanca";Erkek;;;;;;;;;;;
Zafer IÞIK;BURSA;;Marmara;AK Parti;1972;48;Bursa;Siyasetçi ;;Evli;2;Eskiþehir;Makine Mühendisliði;Lisans;;;Erkek;;;;;;;;;;;
Bülent TURAN;ÇANAKKALE;;Marmara;AK Parti;1975;45;Çanakkale;Avukat;;Evli ;3;Doðu Akdeniz;Hukuk;Yükseklisans;Ýngilizce;;Erkek;;;;;;;;;;;
Jülide ÝSKENDEROÐLU;ÇANAKKALE;;Marmara;AK Parti;1974;46;Balýkesir;Siyasetçi ;;Evli ;1;Anadolu;Ýktisat;Yükseklisans;Ýngilizce;;Kadýn;;;;;;;;;;;
Muharrem ERKEK;ÇANAKKALE;;Marmara;CHP;1969;51;Çanakkale;Avukat;;Evli ;2;Ýstanbul;Hukuk;Lisans;;;Erkek;;;;;;;;;;;
Özgür CEYLAN;ÇANAKKALE;;Marmara;CHP;1973;47;Çanakkale;Muhasebeci;;Evli ;1;Eskiþehir;Ýktisat;Lisans;Ýngilizce;;Erkek;;;;;;;;;;;
Muhammet Emin AKBAÞOÐLU;ÇANKIRI;;Ýç Anadolu;AK Parti;1968;52;Ýstanbul;Avukat;;Evli;2;Ýstanbul ;Hukuk;Yükseklisans;Ýngilizce;Arapça;Erkek;;;;;;;;;;;
Salim ÇÝVÝTCÝOÐLU;ÇANKIRI;;Ýç Anadolu;AK Parti;1970;50;Çankýrý;Mühendis;;Evli ;2;Selçuk ;Ziraat Mühendisliði;Lisans;Ýngilizce;;Erkek;;;;;;;;;;;
Ahmet Sami CEYLAN;ÇORUM;;Karadeniz;AK Parti;1971;49;Çorum;Mühendis;;Evli;2;Çukurova;Ziraat Mühendisliði;Lisans;Ýngilizce;;Erkek;;;;;;;;;;;
Erol KAVUNCU;ÇORUM;;Karadeniz;AK Parti;1963;57;Çorum;Öðretmen;;Evli;3;Uludað;Ýlahiyat;Lisans;Ýngilizce;Arapça;Erkek;;;;;;;;;;;
Oðuzhan KAYA;ÇORUM;;Karadeniz;AK Parti;1976;44;Çorum ;Avukat;;Evli;2;Marmara;Hukuk;Lisans;Ýngilizce;;Erkek;;;;;;;;;;;
Tufan KÖSE;ÇORUM;;Karadeniz;CHP;1967;53;Çorum;Avukat;;Evli;2;Ankara;Hukuk;Lisans;;;Erkek;;;;;;;;;;;
Ahmet YILDIZ;DENÝZLÝ;;Ege;AK Parti;1964;56;Denizli;Bürokrat;;Evli;3;Uludað;Kamu Yönetimi;Lisans;Ýngilizce;;Erkek;;;;;;;;;;;
Cahit ÖZKAN;DENÝZLÝ;;Ege;AK Parti;1976;44;Denizli;Avukat;;Evli;3;Ýstanbul;Hukuk;Yükseklisans;Ýngilizce;;Erkek;;;;;;;;;;;
Gülizar BÝÇER KARACA;DENÝZLÝ;;Ege;CHP;1967;53;Aydýn ;Avukat;;Evli;1;Selçuk;Hukuk;Lisans;Almanca;;Kadýn;;;;;;;;;;;
Haþim Teoman SANCAR;DENÝZLÝ;;Ege;CHP;1970;50;Denizli;Ýþinsaný;;Evli;2;Anadolu ;Ýnþaat Mühendisliði;Lisans;;;Erkek;;;;;;;;;;;
Nilgün ÖK;DENÝZLÝ;;Ege;AK Parti;1970;50;Denizli;Ýþinsaný;;Evli;2;Bilkent ;Ýktisat;Yükseklisans;Ýngilizce;Almanca;Kadýn;;;;;;;;;;;
Þahin TÝN;DENÝZLÝ;;Ege;AK Parti;1966;54;Denizli;Ýþinsaný;;Evli;2;Anadolu ;Ýþletme;Lisans;Ýngilizce;;Erkek;;;;;;;;;;;
Yasin ÖZTÜRK;DENÝZLÝ;;Ege;ÝYÝ Parti;1972;48;Denizli;Mühendis;;Evli;3;Dokuz Eylül;Makine Mühendisliði;Lisans;Ýngilizce;;Erkek;;;;;;;;;;;
Dersim DAÐ;DÝYARBAKIR;;Güneydoðu Anadolu;HDP;1996;24;Diyarbakýr;Siyasetçi;;Bekar;0;Mardin Artuklu;Kürt Dili Edabiyatý;Lisans;;;Kadýn;;;;;;;;;;;
Ebubekir BAL;DÝYARBAKIR;;Güneydoðu Anadolu;AK Parti;1964;56;Diyarbakýr;Ýþinsaný;;Evli ;3;0;0;Ortaokul ;Kürtçe;0;Erkek;;;;;;;;;;;
Garo PAYLAN;DÝYARBAKIR;;Güneydoðu Anadolu;HDP;1972;48;Malatya;Sivil Toplum Yöneticisi;;Bekar;0;Ýstanbul;Ýþletme;Lisans;Ýngilizce;Ýspanyolca;Erkek;;;;;;;;;;;
Hiþyar ÖZSOY;DÝYARBAKIR;;Güneydoðu Anadolu;HDP;1977;43;Bingöl;Akademisyen;;Evli;?;Boðaziçi;Sosyoloji;Doktora;Ýngilizce;Kürtçe;Kadýn;;;;;;;;;;;
Ýmam TAÞÇIER;DÝYARBAKIR;;Güneydoðu Anadolu;HDP;1959;61;Diyarbakýr;Öðretmen;;Evli;2;Þanlýurfa;Sýnýf öðretmenliði;Lisans;Kürtçe;;Erkek;;;;;;;;;;;
Mehmet Mehdi EKER;DÝYARBAKIR;;Güneydoðu Anadolu;AK Parti;1956;64;Diyarbakýr;Bürokrat;;Evli;3;Ankara;Veterinerlik;Doktora;Ýngilizce ;Arapça Kürtçe;Erkek;;;;;;;;;;;
Oya ERONAT;DÝYARBAKIR;;Güneydoðu Anadolu;AK Parti;1962;58;Diyarbakýr;Mühendis;;Bekar;0;Fýrat;Ýnþaat;Lisans;Ýngilizce ;;Kadýn;;;;;;;;;;;
Remziye TOSUN;DÝYARBAKIR;;Güneydoðu Anadolu;HDP;1981;39;Diyarbakýr;Ev hanýmý;;Evli;4;0;0;Ýlkokul;Kürtçe;;Kadýn;;;;;;;;;;;
Ahmet ARSLAN;KARS;;Doðu Anadolu;AK Parti;1962;58;Kars;Bürokrat;;Evli ;1;ÝTÜ;Gemi Ýnþaatý ve Gemi Makineleri Mühendisliði;Lisans;Ýngilizce ;;Erkek;;;;;;;;;;;
Yunus KILIÇ;KARS;;Doðu Anadolu;AK Parti;1965;55;Kars;Akademisyen;;Evli ;2;Ýstanbul Teknik;Öðretmen;Profesör;Ýngilizce ;;Erkek;;;;;;;;;;;
Hakký KÖYLÜ;KASTAMONU;;Karadeniz;AK Parti;1948;72;Kastomonu ;Avukat;;Evli ;2;Ankara;Savcý;Lisans;;;Erkek;;;;;;;;;;;
Hasan BALTACI;KASTAMONU;;Karadeniz;CHP;1978;42;Boyabat;Mühendis;;Evli;1;Ýstanbul ;Jeodezi;Lisans;Ýngilizce;;Erkek;;;;;;;;;;;
Metin ÇELÝK;KASTAMONU;;Karadeniz;AK Parti;1977;43;Kastomonu ;Avukat;;Evli ;2;Afyon Kocatep;Avukat;Lisans;Ýngilizce;;Erkek;;;;;;;;;;;
Çetin ARIK;KAYSERÝ;;Ýç Anadolu;CHP;1971;49;Kayseri;Doktor;;Evli;3;Ýstanbul;Doktor;Lisans;Ýngilizce;;Erkek;;;;;;;;;;;
Dursun ATAÞ;KAYSERÝ;;Ýç Anadolu;ÝYÝ Parti;1966;54;Kayseri;Asker;;Evli;3;Erciyes;Astsubay ;;;;Erkek;;;;;;;;;;;
Hülya NERGÝS;KAYSERÝ;;Ýç Anadolu;AK Parti;1967;53;Kayseri;Avukat;;Evli ;3;Hava Teknik Ok;Hukuk;Lisans;Ýngilizce;;Kadýn;;;;;;;;;;;
Ýsmail ÖZDEMÝR;KAYSERÝ;;Ýç Anadolu;MHP;1985;35;Eskiþehir;Mühendis;;Evli;1;Ankara;Makine;Lisans;Ýngilizce;;Erkek;;;;;;;;;;;
Ýsmail TAMER;KAYSERÝ;;Ýç Anadolu;AK Parti;1956;64;Þarkýþla;Doktor;;Evli;2;Erciyes;Doktor;Lisans;;;Erkek;;;;;;;;;;;
Ýsmail Emrah KARAYEL;KAYSERÝ;;Ýç Anadolu;AK Parti;1978;42;Ýstanbul;Hukuk;;Evli;3;Atatürk;Avukat;Doktora;Ýngilizce;Almanca, Arapça;Erkek;;;;;;;;;;;
Mehmet ÖZHASEKÝ;KAYSERÝ;;Ýç Anadolu;AK Parti;1957;63;Kayseri;Avukat;;Evli;4;Ankara;Avukat;Lisans;Ýngilzice;Arapça;Erkek;;;;;;;;;;;
Mustafa ELÝTAÞ;KAYSERÝ;;Ýç Anadolu;AK Parti;1957;63;Kayseri ;Ýþinsaný;;Evli ;4;Ýstanbul;Siyasal Bilimler;Lisans;Ýngilizce;;Erkek;;;;;;;;;;;
Mustafa Baki ERSOY;KAYSERÝ;;Ýç Anadolu;MHP;1981;39;Yozgat;Ýþinsaný;;Evli ;4;Ankara;Ýktisat;Doktora;Ýngilizce;;Erkek;;;;;;;;;;;
Taner YILDIZ;KAYSERÝ;;Ýç Anadolu;AK Parti;1962;58;Yozgat;Mühendis;;Evli ;4;Erciyes;Elektrik;Lisans;Ýngilzice;;Erkek;;;;;;;;;;;
Ahmet ÖNAL;KIRIKKALE;;Ýç Anadolu;CHP;1983;37;Kýrýkkale;Avukat;;Evli;2;Ýstanbul Teknik;Avukat;Lisans;Ýngilizce;;Erkek;;;;;;;;;;;
Halil ÖZTÜRK;KIRIKKALE;;Ýç Anadolu;MHP;1975;45;Kýrýkkale;Avukat;;Evli;2;Kýrýkkale;Avukat;Lisans;Ýngilizce;;Erkek;;;;;;;;;;;
Ramazan CAN;KIRIKKALE;;Ýç Anadolu;AK Parti;1970;50;Kýrýkkale;Avukat;;Evli;4;Dokuz Eylül;Avukat;Lisans;Ýngilizce;;Erkek;;;;;;;;;;;
Selahattin MÝNSOLMAZ;KIRKLARELÝ;;Marmara;AK Parti;1970;50;Kýrklareli;Mühendis;;Evli;2;Ýstanbul;Ýnþaat;Yükseklisans;Ýngilizce;;Erkek;;;;;;;;;;;
Türabi KAYAN;KIRKLARELÝ;;Marmara;CHP;1955;65;Kýrklareli;Mimar, Çiftçi;CHP;Evli;0;Ýstanbul Teknik ;Mimarlýk;Lisans;? ;;Erkek;;;;;;;;;;;
Vecdi GÜNDOÐDU;KIRKLARELÝ;;Marmara;CHP;1969;51;Kýrþehir;Esnaf;SHP;Evli;1;0;0;Lise;0;;Erkek;;;;;;;;;;;
Metin ÝLHAN;KIRÞEHÝR;;Ýç Anadolu;CHP;1972;48;Kýrþehir;Doktor;CHP;Evli;3;Cerrahpaþa;Týp;Doktora;Ýngilizce;;Erkek;;;;;;;;;;;
Mustafa KENDÝRLÝ;KIRÞEHÝR;;Ýç Anadolu;AK Parti;1975;45;Kýrþehir;Ýþinsaný;AKP;Evli;4;Anadolu;Ýþletme;Lisans;Ýngilizce;;Erkek;;;;;;;;;;;
Ahmet Salih DAL;KÝLÝS;;Güneydoðu Anadolu;AK Parti;1971;49;Kilis;Siyasetçi;AKP;Evli;4;Anadolu;Ýlahiyat;Önlisans;Arapça, Ýngilizce;;Erkek;;;;;;;;;;;
Mustafa Hilmi DÜLGER;KÝLÝS;;Güneydoðu Anadolu;AK Parti;1962;58;Kilis;Bürokrat;AKP;Evli;2;Ankara;Siyasal Bilgiler;Lisans;Ýngilizce;;Erkek;;;;;;;;;;;
Cemil YAMAN;KOCAELÝ;;Marmara;AK Parti;1970;50;Aðrý;Siyasetçi;FP;Evli;4;Newport;Ýþletme;Lisans;Kürtçe;;Erkek;;;;;;;;;;;
Emine ZEYBEK;KOCAELÝ;;Marmara;AK Parti;1967;53;Trabzon;Avukat;AKP;Evli;2;Ankara;Hukuk;Lisans;Ýngilizce;;Kadýn;;;;;;;;;;;
Fikri IÞIK;KOCAELÝ;;Marmara;AK Parti;1965;55;Gümüþhane;Öðretmen;AKP;Evli;4;ODTÜ;Matematik Öðretmenliði;Lisans;Ýngilizce, Arapça;;Erkek;;;;;;;;;;;
Haydar AKAR;KOCAELÝ;;Marmara;CHP;1963;57;Kocaeli;Biliþimci;CHP;Evli;2;ODTÜ;Matematik;Lisans;Ýngilizce;;Erkek;;;;;;;;;;;
Ýlyas ÞEKER;KOCAELÝ;;Marmara;AK Parti;1960;60;Erzurum;Mühendis;AKP;Evli;3;YTÜ;Harita Kadastro Mühendisliði;Yükseklisans;Ýngilizce;;Erkek;;;;;;;;;;;
Lütfü TÜRKKAN;KOCAELÝ;;Marmara;ÝYÝ Parti;1959;61;Ýstanbul;Yönetici;MHP;Evli;4;Doce Golcev Üniversitesi ;Türkoloji;Yükseklisans;Ýngilizce, Rusça;;Erkek;;;;;;;;;;;
Mehmet Akif YILMAZ;KOCAELÝ;;Marmara;AK Parti;1975;45;Ankara;Öðretmen;AKP;Evli;2;Sakarya;Ýlahiyat;Yükseklisans;Almanca, Arapça;;Erkek;;;;;;;;;;;
Ömer Faruk GERGERLÝOÐLU;KOCAELÝ;;Marmara;HDP;1965;55;Isparta;Doktor;HDP;Evli;3;Anadolu;Týp;Doktora;Ýngilizce, Arapça;;Erkek;;;;;;;;;;;
Radiye Sezer KATIRCIOÐLU;KOCAELÝ;;Marmara;AK Parti;1965;55;Malatya;Sivil Toplum Yöneticisi;AKP;Evli;2;Atýlým;Kamu yönetimi ve siyaset bilimi;Yükseklisans;Ýngilizce;;Kadýn;;;;;;;;;;;
Saffet SANCAKLI;KOCAELÝ;;Marmara;MHP;1966;54;Sýrbistan;Sporcu;MHP;Evli;2;0;0;Lise;Sýrpça, Hýrvatça, Boþnakça, Ýngilizce, Rusça, Bulgarca;;Erkek;;;;;;;;;;;
Sami ÇAKIR;KOCAELÝ;;Marmara;AK Parti;1958;62;Trabzon;Bankacý;AKP;Evli;3;Atatürk;Tarih;Lisans;?;;Erkek;;;;;;;;;;;
Tahsin TARHAN;KOCAELÝ;;Marmara;CHP;1964;56;Gümüþhane;Ýþinsaný;SHP;Evli;3;Açýk Öðretim ;Yerel Yönetimler;Yüksekokul;Ýngilizce;;Erkek;;;;;;;;;;;
Abdulkadir KARADUMAN;KONYA;;Ýç Anadolu;Saadet P;1992;28;Malatya;Siyasetçi;SP;Bekar;0;Ýnönü Üniversitesi;Siyaset Bilimi ve Kamu Yönetimi ;Lisans;Ýngilizce, Farsça;;Erkek;;;;;;;;;;;
Abdullah AÐRALI;KONYA;;Ýç Anadolu;AK Parti;1969;51;Konya;Doktor;AKP;Evli;4;Selçuk;Týp;Doktora;Kürtçe, Ýngilizce;;Erkek;;;;;;;;;;;
Abdüllatif ÞENER;KONYA;;Ýç Anadolu;CHP;1954;66;Sivas;Akademisyen;RP;Evli;4;Gazi;Maliye;Doktora;Fransýzca, Ýngilizce;;Erkek;;;;;;;;;;;
Ahmet SORGUN;KONYA;;Ýç Anadolu;AK Parti;1970;50;Konya;Avukat;AKP;Evli;6;Ýstanbul;Hukuk;Lisans;?;;Erkek;;;;;;;;;;;
Esin KARA;KONYA;;Ýç Anadolu;MHP;1976;44;Ýstanbul;Muhasebeci;MHP;Evli;1;Selçuk;Ýþletme;Lisans;Ýngilizce;;Kadýn;;;;;;;;;;;
Fahrettin YOKUÞ;KONYA;;Ýç Anadolu;ÝYÝ Parti;1958;62;Konya;Muhasebeci;ÝYÝ;Evli;2;Anadolu;Ýþ Ýdaresi;Lisans;?;;Erkek;;;;;;;;;;;
Gülay SAMANCI;KONYA;;Ýç Anadolu;AK Parti;1977;43;Norveç;Avukat;AKP;Evli;1;Selçuk;Hukuk;Lisans;?;;Kadýn;;;;;;;;;;;
Hacý Ahmet ÖZDEMÝR;KONYA;;Ýç Anadolu;AK Parti;1961;59;Konya;Akademisyen;AKP;Evli;3;Þam Arap Dili Enstitüsü;Ýlahiyat;Doktora;Arapça, Ýngilizce, Farsça;;Erkek;;;;;;;;;;;
Halil ETYEMEZ;KONYA;;Ýç Anadolu;AK Parti;1965;55;Artvin;Öðretmen;AKP;Evli;3;Ýnönü Üniversitesi;Eðitim Yönetimi;Yükseklisans;Ýngilizce, Arapça;;Erkek;;;;;;;;;;;
Leyla ÞAHÝN USTA;KONYA;;Ýç Anadolu;AK Parti;1973;47;Ýstanbul;Doktor;AKP;Evli;2;Viyana Medizinische Universität;Týp;Doktora;Almanca, Ýngilizce;;Kadýn;;;;;;;;;;;
Mustafa KALAYCI;KONYA;;Ýç Anadolu;MHP;1960;60;Konya;Muhasebeci;MHP;Evli;2;Uludað ;Çalýþma Ekonomisi ve Endüstriyel Ýliþkiler;Lisans;Ýngilizce;;Erkek;;;;;;;;;;;
Orhan ERDEM;KONYA;;Ýç Anadolu;AK Parti;1963;57;Konya;Ýþinsaný;AKP;Evli;3;Dokuz Eylül;Ýþletme;Yüksekokul;Ýngilizce;;Erkek;;;;;;;;;;;
Selman ÖZBOYACI;KONYA;;Ýç Anadolu;AK Parti;1989;31;Konya;Mühendis;AKP;Evli ;2;ÝTÜ;Ýnþaat Mühendisliði;Yükseklisans;Ýngilizce;;Erkek;;;;;;;;;;;
Tahir AKYÜREK;KONYA;;Ýç Anadolu;AK Parti;1959;61;Konya;Avukat;RP;Evli;3;Ankara;Hukuk;Lisans;?;;Erkek;;;;;;;;;;;
Ziya ALTUNYALDIZ;KONYA;;Ýç Anadolu;AK Parti;1963;57;Konya;Bürokrat;AKP;Evli ;2;Ýstanbul;Hukuk;Yükseklisans;Ýngilizce;;Erkek;;;;;;;;;;;
Ahmet ERBAÞ;KÜTAHYA;;Ege;MHP;1966;54;Yozgat;Bürokrat;MHP;Bekar;0;Ankara;Dil ve Tarih.Coðrafya;Lisans;Ýngilizce, Fransýzca, Kýrgýzca;;Erkek;;;;;;;;;;;
Ahmet TAN;KÜTAHYA;;Ege;AK Parti;1965;55;Kütahya;Muhasebeci;AKP;Evli;3;Dokuz Eylül;Maliye;Lisans;Ýngilizce, Arapça;;Erkek;;;;;;;;;;;
Ali Fazýl KASAP;KÜTAHYA;;Ege;CHP;1965;55;Kütahya;Doktor;CHP;Evli;2;Dokuz Eylül;Týp;Doktora;Ýngilizce, Fransýzca;;Erkek;;;;;;;;;;;
Ceyda ÇETÝN ERENLER;KÜTAHYA;;Ege;AK Parti;1975;45;Kütahya;Ýþinsaný;AKP;Evli;2;Dumlupýnar ;Makine Mühendisliði;Lisans;Ýngilizce;;Kadýn;;;;;;;;;;;
Ýshak GAZEL;KÜTAHYA;;Ege;AK Parti;1980;40;Kütahya;Avukat;AKP;Evli;1;Ýstanbul;Hukuk;Lisans;Ýngilizce, Arapça;;Erkek;;;;;;;;;;;
Ahmet ÇAKIR;MALATYA;;Doðu Anadolu;AK Parti;1964;56;Malatya;Ýþinsaný;AKP;Evli;2;Anadolu;Ýktisat;Lisans;Ýngilizce, Arapça;;Erkek;;;;;;;;;;;
Bülent TÜFENKCÝ;MALATYA;;Doðu Anadolu;AK Parti;1966;54;Malatya;Avukat;AKP;Evli;2;Ankara;Hukuk;Yükseklisans;Ýngilizce, Arapça;;Erkek;;;;;;;;;;;
Hakan KAHTALI;MALATYA;;Doðu Anadolu;AK Parti;1966;54;Malatya;Ýþinsaný;AKP;Evli;3;Okan, Anadolu;Yerel Yönetimler, Uluslararasý Ýliþkiler;Lisans;Kürtçe, Ýngilizce, Arapça;;Erkek;;;;;;;;;;;
Mehmet Celal FENDOÐLU;MALATYA;;Doðu Anadolu;MHP;1961;59;Malatya;Ýþinsaný;MHP;Evli;1;0;0;Lise;Ýngilizce;;Erkek;;;;;;;;;;;
Öznur ÇALIK;MALATYA;;Doðu Anadolu;AK Parti;1965;55;Malatya;Eczacý;AKP;Evli;2;Marmara ;Eczacýlýk;Lisans;Ýngilizce ;;Kadýn;;;;;;;;;;;
Veli AÐBABA;MALATYA;;Doðu Anadolu;CHP;1968;52;Malatya;Siyasetçi;SHP;Evli;2;Anadolu;Ýþletme;Lisans;Ýngilizce;;Erkek;;;;;;;;;;;
Ahmet Vehbi BAKIRLIOÐLU;MANÝSA;;Ege;CHP;1974;46;Manisa;Sivil Toplum Yöneticisi;CHP;Evli;2;Hacettepe ;Ýstatistik;Lisans;Ýngilizce;;Erkek;;;;;;;;;;;
Bekir BAÞEVÝRGEN;MANÝSA;;Ege;CHP;1975;45;Manisa;Esnaf;CHP;Evli ;2;0;0;Lise;0;;Erkek;;;;;;;;;;;
Erkan AKÇAY;MANÝSA;;Ege;MHP;1961;59;Burdur;Bürokrat;MHP;Evli;2;Gazi;Kamu Yönetimi;Lisans;Ýngilizce;;Erkek;;;;;;;;;;;
Ýsmail BÝLEN;MANÝSA;;Ege;AK Parti;1961;59;Muþ;Avukat;RP;Evli;3;Ýstanbul Üniversitesi;Hukuk;Lisans;Ýngilizce;;Erkek;;;;;;;;;;;
Mehmet Ali ÖZKAN;MANÝSA;;Ege;AK Parti;1971;49;Manisa;Avukat;RP;Evli;2;Selçuk;Hukuk;Lisans;0;;Erkek;;;;;;;;;;;
Murat BAYBATUR;MANÝSA;;Ege;AK Parti;1978;42;Manisa;Ýþinsaný;RP;Evli;2;Anadolu;Ýþletme;Lisans;Almanca;;Erkek;;;;;;;;;;;
Özgür ÖZEL;MANÝSA;;Ege;CHP;1974;46;Manisa;Eczacý;CHP;Evli;1;Ege;Eczacýlýk;Lisans;Almanca, Ýngilizce;;Erkek;;;;;;;;;;;
Semra KAPLAN KIVIRCIK;MANÝSA;;Ege;AK Parti;1976;44;Manisa;Ýþinsaný;AKP;Evli;2;Celal Bayar;Ýktisat;Lisans;Ýngilizce;;Kadýn;;;;;;;;;;;
Tamer AKKAL;MANÝSA;;Ege;AK Parti;1974;46;Manisa;Ýþinsaný;AKP;Evli;1;0;0;Lise;0;;Erkek;;;;;;;;;;;
Uður AYDEMÝR;MANÝSA;;Ege;AK Parti;1967;53;Manisa;Muhasebeci;AKP;Evli;3;Uludað;Ýktisat;Lisans;0;;Erkek;;;;;;;;;;;
Cengiz DEMÝRKAYA;MARDÝN;;Güneydoðu Anadolu;AK Parti;1968;52;Mardin;Ýþinsaný;AKP;Evli;4;Çukurova;Eðitim Fakültesi;Lisans;0;;Erkek;;;;;;;;;;;
Ebrü GÜNAY;MARDÝN;;Güneydoðu Anadolu;HDP;1982;38;Bingöl;Avukat;HDP;Bekar;0;Dicle;Hukuk;Yükseklisans;Kürtçe, Ýngilizce;;Kadýn;;;;;;;;;;;
Mithat SANCAR;MARDÝN;;Güneydoðu Anadolu;HDP;1963;57;Mardin;Akademisyen;HDP;Evli;1;Ankara;Hukuk;Doktora;Almanca, Arapça, Ýngilizce, Kürtçe;;Erkek;;;;;;;;;;;
Pero DUNDAR;MARDÝN;;Güneydoðu Anadolu;HDP;1971;49;Mardin;Siyasetçi;DTP;?;?;0;0;Lise;Kürtçe;;Kadýn;;;;;;;;;;;
Þeyhmus DÝNÇEL;MARDÝN;;Güneydoðu Anadolu;AK Parti;1966;54;Mardin;Mimar;AKP;Evli;4;Dicle;Mimarlýk;Lisans;Arapça, Ýngilizce;;Erkek;;;;;;;;;;;
Tuma ÇELÝK;MARDÝN;;Güneydoðu Anadolu;Baðýmsýz;1966;54;Mardin;Sivil Toplum Yöneticisi;HDP;Evli;4;Anadolu;Ýktisat;Lisans;Almanca, Ýngilizce, Kürtçe, Süryanice;;Erkek;;;;;;;;;;;
Ali Cumhur TAÞKIN;MERSÝN;;Akdeniz;AK Parti;1967;53;Mersin;Mühendis;AKP;Evli;3;Ýstanbul;Orman Mühendisliði;Yükseklisans;Almanca;;Erkek;;;;;;;;;;;
Ali Mahir BAÞARIR;MERSÝN;;Akdeniz;CHP;1975;45;Mersin;Avukat;CHP;Evli;2;Marmara;Hukuk;Yükseklisans;Ýngilizce;;Erkek;;;;;;;;;;;
Alpay ANTMEN;MERSÝN;;Akdeniz;CHP;1969;51;Mersin;Avukat;CHP;Evli;2;Ankara;Hukuk;Yükseklisans;0;;Erkek;;;;;;;;;;;
Baki ÞÝMÞEK;MERSÝN;;Akdeniz;MHP;1969;51;Mersin;Mühendis;MHP;Evli;3;YTÜ;Harita Mühendisliði;Lisans;Ýngilizce;;Erkek;;;;;;;;;;;
Behiç ÇELÝK;MERSÝN;;Akdeniz;ÝYÝ Parti;1955;65;Mersin;Bürokrat;MHP;Evli;3;Ankara;Ýktisat - Maliye;Yükseklisans;Ýngilizce;;Erkek;;;;;;;;;;;
Cengiz GÖKÇEL;MERSÝN;;Akdeniz;CHP;1965;55;Mersin;Ýþinsaný;CHP;Evli;2;0;0;Ortaokul;0;;Erkek;;;;;;;;;;;
Fatma KURTULAN;MERSÝN;;Akdeniz;HDP;1964;56;Kahramanmaraþ;Sivil Toplum Yöneticisi;DTP;Evli;0;0;0;Lise;0;;Kadýn;;;;;;;;;;;
Hacý ÖZKAN;MERSÝN;;Akdeniz;AK Parti;1963;57;Adýyaman;Esnaf;AKP;Evli;3;Anadolu;.;Lisans;Ýngilizce;;Erkek;;;;;;;;;;;
Olcay KILAVUZ;MERSÝN;;Akdeniz;MHP;1985;35;Niðde;Öðretmen;MHP;Evli;2;Niðde;BESYÖ;Lisans;0;;Erkek;;;;;;;;;;;
Rýdvan TURAN;MERSÝN;;Akdeniz;HDP;1971;49;Tokat;Doktor;HDP;Evli;1;Uludað;Týp;Lisans;Ýngilizce;;Erkek;;;;;;;;;;;
Zeki Hakan SIDALI;MERSÝN;;Akdeniz;ÝYÝ Parti;1969;51;Ýstanbul;Ýþinsaný;ÝYÝ;Evli;1;Boðaziçi;Ýþletme;Lisans;Almanca, Ýngilizce, Ýspanyolca, Ýtalyanca;;Erkek;;;;;;;;;;;
Zeynep GÜL YILMAZ;MERSÝN;;Akdeniz;AK Parti;1976;44;Mersin;Avukat;AKP;Evli;2;Ankara;Hukuk;Yükseklisans;Ýngilizce;;Kadýn;;;;;;;;;;;
Burak ERBAY;MUÐLA;;Ege;CHP;1978;42;Muðla;Avukat;CHP;Evli;1;Yeditepe;Hukuk;Lisans;Almanca, Ýngilizce;;Erkek;;;;;;;;;;;
Mehmet Yavuz DEMÝR;MUÐLA;;Ege;AK Parti;1953;67;Muðla;Bürokrat;DYP;Evli;2;Ankara;DTCF;Lisans;Almanca;;Erkek;;;;;;;;;;;
Metin ERGUN;MUÐLA;;Ege;ÝYÝ Parti;1963;57;Muðla;Akademisyen;ÝYÝ;Evli;2;Atatürk;Türk Dili ve Edebiyatý;Doktora;Farsça, Ýngilizce, Rusça;;Erkek;;;;;;;;;;;
Mürsel ALBAN;MUÐLA;;Ege;CHP;1970;50;Erzurum;Ýþinsaný;CHP;Evli;3;0;0;Ortaokul;0;;Erkek;;;;;;;;;;;
Suat ÖZCAN;MUÐLA;;Ege;CHP;1960;60;Muðla;Öðretmen;CHP;Evli;2;Anadolu;Ýktisat;Lisans;0;;Erkek;;;;;;;;;;;
Süleyman GÝRGÝN;MUÐLA;;Ege;CHP;1962;58;Muðla;Sendikacý;CHP;Evli;2;Anadolu;Ýþletme;Yükseklisans;0;;Erkek;;;;;;;;;;;
Yelda EROL GÖKCAN;MUÐLA;;Ege;AK Parti;1976;44;Tekirdað;Ýþinsaný;AKP;Evli;1;Anadolu;Kamu Yönetimi;Yükseklisans;0;;Kadýn;;;;;;;;;;;
Gülüstan KILIÇ KOÇYÝÐÝT;MUÞ;;Doðu Anadolu;HDP;1979;41;Tunceli;Hemþire;HDP;Evli;2;Dokuz Eylül;Adalet MYO;Önlisans;0;;Kadýn;;;;;;;;;;;
Mehmet Emin ÞÝMÞEK;MUÞ;;Doðu Anadolu;AK Parti;1964;56;Muþ;Mühendis;AKP;Evli;2;Fýrat;Ýnþaat Mühendisliði;Lisans;Ýngilizce;;Erkek;;;;;;;;;;;
Mensur IÞIK;MUÞ;;Doðu Anadolu;BAÐIMSIZ;1975;45;Muþ;Avukat;HDP;Evli;2;Dicle;Hukuk;Lisans;0;;Erkek;;;;;;;;;;;
Þevin COÞKUN;MUÞ;;Doðu Anadolu;HDP;1980;40;Muþ;Gazeteci;HDP;?;?;Yakýndoðu;Gazetecilik;Lisans;0;;Kadýn;;;;;;;;;;;
Faruk SARIASLAN;NEVÞEHÝR;;Ýç Anadolu;CHP;1953;67;Nevþehir;Avukat;CHP;Evli;2;Ankara;Hukuk;Lisans;0;;Erkek;;;;;;;;;;;
Mustafa AÇIKGÖZ;NEVÞEHÝR;;Ýç Anadolu;AK Parti;1971;49;Nevþehir;Eczacý;AKP;Evli;2;Anadolu;Eczacýlýk;Lisans;Arapça, Ýngilizce;;Erkek;;;;;;;;;;;
Yücel MENEKÞE;NEVÞEHÝR;;Ýç Anadolu;AK Parti;1963;57;Nevþehir;Ýþinsaný;AKP;Evli;3;Anadolu;ÝÝBF;Lisans;Ýngilizce;;Erkek;;;;;;;;;;;
Ömer Fethi GÜRER;NÝÐDE;;Ýç Anadolu;CHP;1957;63;Niðde;Sendikacý;SODEP;Evli;2;Çukurova;Endüstri Mühendisliði;Lisans;0;;Erkek;;;;;;;;;;;
Selim GÜLTEKÝN;NÝÐDE;;Ýç Anadolu;AK Parti;1979;41;Niðde;Eczacý;AKP;Evli;1;Anadolu;Eczacýlýk;Lisans;Ýngilizce;;Erkek;;;;;;;;;;;
Yavuz ERGUN;NÝÐDE;;Ýç Anadolu;AK Parti;1974;46;Niðde;Ýþinsaný;AKP;Evli;3;Ýnönü;Kimya Mühendisliði;Lisans;Ýngilizce;;Erkek;;;;;;;;;;;
Cemal ENGÝNYURT;ORDU;;Karadeniz;DP;1965;55;Ordu;Siyasetçi;MÇP;Evli;2;Anadolu;Ýktisat;Lisans;0;;Erkek;;;;;;;;;;;
Ergün TAÞCI;ORDU;;Karadeniz;AK Parti;1974;46;Ordu;Avukat;AKP;Evli;2;Ankara;Ýlahiyat;Yükseklisans;Arapça, Ýngilizce;;Erkek;;;;;;;;;;;
Metin GÜNDOÐDU;ORDU;;Karadeniz;AK Parti;1973;47;Ordu;Ýþinsaný;BBP;Evli;3;Anadolu;Ýþletme;Lisans;0;;Erkek;;;;;;;;;;;
Mustafa ADIGÜZEL;ORDU;;Karadeniz;CHP;1967;53;Ordu;Doktor;CHP;Evli;2;Ýstanbul Üniversitesi;Eczacýlýk;Yükseklisans;0;;Erkek;;;;;;;;;;;
Seyit TORUN;ORDU;;Karadeniz;CHP;1968;52;Ordu;Siyasetçi;CHP;Evli;1;Atatürk;Ýktisat;Lisans;Ýngilizce;;Erkek;;;;;;;;;;;
Þenel YEDÝYILDIZ;ORDU;;Karadeniz;AK Parti;1953;67;Samsun;Doktor;AKP;Evli;2;Atatürk;Týp;Yükseklisans;Ýngilizce;;Erkek;;;;;;;;;;;
Baha ÜNLÜ;OSMANÝYE;;Akdeniz;CHP;1955;65;Osmaniye;Bürokrat;CHP;Evli;2;ÝTÜ;Elektrik Elektronik Mühendisliði;Lisans;Ýngilizce;;Erkek;;;;;;;;;;;
Devlet BAHÇELÝ;OSMANÝYE;;Akdeniz;MHP;1948;72;Osmaniye;Akademisyen;MÇP;Bekar;0;Ankara;Dýþ Ticaret;Doktora;Ýngilizce;;Erkek;;;;;;;;;;;
Ýsmail KAYA;OSMANÝYE;;Akdeniz;AK Parti;1983;37;Osmaniye;Ýþinsaný;AKP;Evli;2;Ýnönü;Ýktisat;Yükseklisans;Ýngilizce;;Erkek;;;;;;;;;;;
Mücahit DURMUÞOÐLU;OSMANÝYE;;Akdeniz;AK Parti;1965;55;Osmaniye;Bürokrat;AKP;Evli;3;Anadolu;Ýþletme;Yükseklisans;Ýngilizce;;Erkek;;;;;;;;;;;
Hayati YAZICI;RÝZE;;Karadeniz;AK Parti;1952;68;Rize;Avukat;AKP;Evli;2;Ýstanbul Üniversitesi;Hukuk;Yükseklisans;0;;Erkek;;;;;;;;;;;
Muhammed AVCI;RÝZE;;Karadeniz;AK Parti;1980;40;Rize;Ýþinsaný;AKP;Evli;1;Celal Bayar;Tarih;Lisans;0;;Erkek;;;;;;;;;;;
Osman Aþkýn BAK;RÝZE;;Karadeniz;AK Parti;1966;54;Ýstanbul;Mühendis;AKP;Evli;4;ÝTÜ;Makine Mühendisliði;Yükseklisans;Almanca, Farsça, Ýngilizce;;Erkek;;;;;;;;;;;
Ali Ýhsan YAVUZ;SAKARYA;;Marmara;AK Parti;1969;51;Trabzon;Avukat;AKP;Evli;4;Ýstanbul Üniversitesi;Hukuk;Lisans;0;;Erkek;;;;;;;;;;;
Çiðdem ERDOÐAN ATABEK;SAKARYA;;Marmara;AK Parti;1981;39;Ýstanbul;Öðretmen;AKP;Evli;2;Abant Ýzzet Baysal;Fizik ve Ýngilizce Öðretmenliði;Yükseklisans;Almanca, Ýngilizce;;Kadýn;;;;;;;;;;;
Engin ÖZKOÇ;SAKARYA;;Marmara;CHP;1962;58;Sakarya;Ýþinsaný;CHP;Bekar;0;Anadolu;Ýþletme;Lisans;0;;Erkek;;;;;;;;;;;
Kenan SOFUOÐLU;SAKARYA;;Marmara;AK Parti;1984;36;Sakarya;Sporcu;AKP;Evli;1;0;0;.;Almanca, Ýngilizce;;Erkek;;;;;;;;;;;
Muhammed Levent BÜLBÜL;SAKARYA;;Marmara;MHP;1980;40;Sakarya;Avukat;MHP;Evli;1;Çankaya;Hukuk;Lisans;Ýngilizce;;Erkek;;;;;;;;;;;
Recep UNCUOÐLU;SAKARYA;;Marmara;AK Parti;1970;50;Sakarya;Mühendis;AKP;Evli;2;Ýstanbul Üniversitesi;Ýnþaat Mühendisliði;Yükseklisans;0;;Erkek;;;;;;;;;;;
Ümit DÝKBAYIR;SAKARYA;;Marmara;ÝYÝ Parti;1968;52;Sakarya;Ýþinsaný;ÝYÝ;Evli;2;0;0;Lise;0;;Erkek;;;;;;;;;;;
Ahmet DEMÝRCAN;SAMSUN;;Karadeniz;AK Parti;1954;66;Samsun;Doktor;AKP;Evli;6;Atatürk;Týp;Yükseklisans;Arapça, Ýngilizce;;Erkek;;;;;;;;;;;
Bedri YAÞAR;SAMSUN;;Karadeniz;ÝYÝ Parti;1963;57;Gümüþhane;Ýþinsaný;MHP;Evli;4;Gazi ;Mimarlýk;Lisans;Ýngilizce;;Erkek;;;;;;;;;;;
Çiðdem KARAASLAN;SAMSUN;;Karadeniz;AK Parti;1979;41;Ýstanbul;Mimar;AKP;Evli;2;Bilkent;Peyzaj Mimarlýðý;Yükseklisans;Ýngilizce;;Kadýn;;;;;;;;;;;
Erhan USTA;SAMSUN;;Karadeniz;ÝYÝ Parti;1966;54;Samsun;Bürokrat;MHP;Evli;3;Ankara;Maliye;Yükseklisans;Ýngilizce;;Erkek;;;;;;;;;;;
Fuat KÖKTAÞ;SAMSUN;;Karadeniz;AK Parti;1964;56;Trabzon;Ýþinsaný;AKP;Evli;3;0;0;Lise;0;;Erkek;;;;;;;;;;;
Kemal ZEYBEK;SAMSUN;;Karadeniz;CHP;1962;58;Samsun;Ýþinsaný;CHP;Evli;3;0;0;Lise;0;;Erkek;;;;;;;;;;;
Neslihan HANCIOÐLU;SAMSUN;;Karadeniz;CHP;1963;57;Ordu;Ýþletmeci;CHP;Evli;2;Anadolu;Ýktisat;Lisans;Ýngilizce;;Kadýn;;;;;;;;;;;
Orhan KIRCALI;SAMSUN;;Karadeniz;AK Parti;1968;52;Samsun;Avukat;AKP;Evli;3;Ankara;Hukuk;Lisans;Arapça, Ýngilizce;;Erkek;;;;;;;;;;;
Yusuf Ziya YILMAZ;SAMSUN;;Karadeniz;AK Parti;1951;69;Samsun;Mühendis;ANAP;Evli;0;Yýldýz Teknik;Mühendislik;Lisans;0;;Erkek;;;;;;;;;;;
Meral DANIÞ BEÞTAÞ;SÝÝRT;;Güneydoðu Anadolu;HDP;1967;53;Mardin;Avukat;HDP;Evli;2;Dicle;Hukuk;Lisans;Ýngilizce, Kürtçe;;Kadýn;;;;;;;;;;;
Osman ÖREN;SÝÝRT;;Güneydoðu Anadolu;AK Parti;1966;54;Siirt;Öðretmen;AKP;Evli;3;Hacettepe;Tarih;Lisans;Arapça;;Erkek;;;;;;;;;;;
Sýdýk TAÞ;SÝÝRT;;Güneydoðu Anadolu;HDP;1970;50;Siirt;Siyasetçi;BDP;Evli;4;0;0;Ýlköðretim;Kürtçe;;Erkek;;;;;;;;;;;
Barýþ KARADENÝZ;SÝNOP;;Karadeniz;CHP;1975;45;Sinop;Sivil Toplum Yöneticisi;CHP;Evli;0;Sýtký Koçman;Ýktisat;Lisans;Ýngilizce;;Erkek;;;;;;;;;;;
Nazým MAVÝÞ;SÝNOP;;Karadeniz;AK Parti;1971;49;Sinop;Ýþinsaný;AKP;Evli;3;Gazi;Kamu Yönetimi;Doktora;Arapça, Ýngilizce;;Erkek;;;;;;;;;;;
Ahmet ÖZYÜREK;SÝVAS;;Ýç Anadolu;MHP;1964;56;Sivas;Ýþinsaný;MHP;Evli;2;0;0;Lise;0;;Erkek;;;;;;;;;;;
Ýsmet YILMAZ;SÝVAS;;Ýç Anadolu;AK Parti;1961;59;Sivas;Bürokrat;AKP;Evli;3;ÝTÜ;Denizcilik;Yükseklisans;Ýngilizce;;Erkek;;;;;;;;;;;
Mehmet Habib SOLUK;SÝVAS;;Ýç Anadolu;AK Parti;1950;70;Sivas;Bürokrat;AKP;Evli;3;YTÜ;Makine Mühendisliði;Lisans;Fransýzca;;Erkek;;;;;;;;;;;
Semiha EKÝNCÝ;SÝVAS;;Ýç Anadolu;AK Parti;1972;48;Sivas;Siyasetçi;AKP;Bekar;0;Anadolu;Ýþletme;Lisans;Ýngilizce;;Kadýn;;;;;;;;;;;
Ulaþ KARASU;SÝVAS;;Ýç Anadolu;CHP;1980;40;Sivas;Mühendis;CHP;Evli;0;Çukurova;Ýnþaat Mühendisliði;Lisans;0;;Erkek;;;;;;;;;;;
Ahmet AKAY;ÞANLIURFA;;Güneydoðu Anadolu;AK Parti;1959;61;Þanlýurfa;Öðretmen;ANAP;Evli;8;Ankara;Eðitim Fakültesi;Lisans;Arapça;;Erkek;;;;;;;;;;;
Ahmet Eþref FAKIBABA;ÞANLIURFA;;Güneydoðu Anadolu;AK Parti;1951;69;Þanlýurfa;Doktor;AKP;Evli ;3;Atatürk;Týp;Yükseklisans;Ýngilizce;;Erkek;;;;;;;;;;;
Ayþe SÜRÜCÜ;ÞANLIURFA;;Güneydoðu Anadolu;HDP;1983;37;Þanlýurfa;Siyasetçi;HDP;Bekar;0;0;0;Lise;Kürtçe;;Kadýn;;;;;;;;;;;
Aziz AYDINLIK;ÞANLIURFA;;Güneydoðu Anadolu;CHP;1960;60;Þanlýurfa;Ýþinsaný;HDP;Evli;5;0;0;Ýlköðretim;0;;Erkek;;;;;;;;;;;
Halil ÖZCAN;ÞANLIURFA;;Güneydoðu Anadolu;AK Parti;1964;56;Þanlýurfa;Akademisyen;AKP;Evli;6;Suudi Arabistan Kral Suud Üniversitesi;Ýlahiyat;Doktora;Arapça, Ýngilizce;;Erkek;;;;;;;;;;;
Halil ÖZÞAVLI;ÞANLIURFA;;Güneydoðu Anadolu;AK Parti;1981;39;Þanlýurfa;Akademisyen;AKP;Evli;3;Ýnönü;Eðitim Fakültesi;Doktora;Arapça, Ermenice, Ýngilizce;;Erkek;;;;;;;;;;;
Ýbrahim ÖZYAVUZ;ÞANLIURFA;;Güneydoðu Anadolu;MHP;1963;57;Þanlýurfa;Ýþinsaný;MHP;Evli;?;0;0;Lise;0;;Erkek;;;;;;;;;;;
Ýbrahim Halil YILDIZ;ÞANLIURFA;;Güneydoðu Anadolu;AK Parti;1976;44;Þanlýurfa;Avukat;AKP;Evli;3;Doðu Akdeniz;Hukuk;Lisans;Arapça, Ýngilizce;;Erkek;;;;;;;;;;;
Mehmet Ali CEVHERÝ;ÞANLIURFA;;Güneydoðu Anadolu;AK Parti;1961;59;Þanlýurfa;Muhasebeci;AKP;Evli;3;Uludað;Maliye;Yükseklisans;Ýngilizce, Kürtçe;;Erkek;;;;;;;;;;;
Mehmet Kasým GÜLPINAR;ÞANLIURFA;;Güneydoðu Anadolu;AK Parti;1969;51;Þanlýurfa;Bürokrat;AKP;Evli;3;Ankara;Arap Dili ve Edebiyatý;Lisans;Arapça, Farsça, Fransýzca, Ýngilizce, Kürtçe;;Erkek;;;;;;;;;;;
Nimetullah ERDOÐMUÞ;ÞANLIURFA;;Güneydoðu Anadolu;HDP;1960;60;Bingöl;Din adamý;HDP;Evli;5;Atatürk;Ýlahiyat;Lisans;Arapça;;Erkek;;;;;;;;;;;
Nusrettin MAÇÝN;ÞANLIURFA;;Güneydoðu Anadolu;HDP;1963;57;Diyarbakýr;Siyasetçi;ÖSP;?;?;0;0;Lise;0;;Erkek;;;;;;;;;;;
Ömer ÖCALAN;ÞANLIURFA;;Güneydoðu Anadolu;HDP;1987;33;Þanlýurfa;Siyasetçi;HDP;Evli;2;Ankara;Gazetecilik;Lisans;Kürtçe;;Erkek;;;;;;;;;;;
Zemzem Gülender AÇANAL;ÞANLIURFA;;Güneydoðu Anadolu;AK Parti;1957;63;Þanlýurfa;Eczacý;AKP;Evli;3;Ankara;Eczacýlýk;Lisans;Ýngilizce;;Kadýn;;;;;;;;;;;
Hasan ÖZGÜNEÞ;ÞIRNAK;;Güneydoðu Anadolu;HDP;1957;63;Þýrnak;Öðretmen;AKP;Evli;5;Anadolu;.;Lisans;Kürtçe;;Erkek;;;;;;;;;;;
Hüseyin KAÇMAZ;ÞIRNAK;;Güneydoðu Anadolu;HDP;1986;34;Þýrnak;Avukat;HDP;Evli;1;Doðu Akdeniz;Hukuk;Lisans;Ýngilizce;;Erkek;;;;;;;;;;;
Nuran ÝMÝR;ÞIRNAK;;Güneydoðu Anadolu;HDP;1977;43;Þýrnak;Muhasebeci;HADEP;?;?;.;Muhasebe ve Büro Yönetimi;Önlisans;Almanca, Kürtçe;;Kadýn;;;;;;;;;;;
Rizgin BÝRLÝK;ÞIRNAK;;Güneydoðu Anadolu;AK Parti;1966;54;Þýrnak;Memur;AKP;Evli;4;0;0;Ortaokul;Kürtçe;;Erkek;;;;;;;;;;;
Candan YÜCEER;TEKÝRDAÐ;;Marmara;CHP;1973;47;Ankara;Doktor;CHP;Evli;2;Gazi;Týp;Lisans;Ýngilizce;;Kadýn;;;;;;;;;;;
Çiðdem KONCAGÜL;TEKÝRDAÐ;;Marmara;AK Parti;1969;51;Tekirdað;Ýþinsaný;AKP;Evli;2;Anadolu;Sosyoloji;Lisans;Ýngilizce;;Kadýn;;;;;;;;;;;
Enez KAPLAN;TEKÝRDAÐ;;Marmara;ÝYÝ Parti;1962;58;Tekirdað;Ýþinsaný;MHP;Evli;2;0;0;Lise;0;;Erkek;;;;;;;;;;;
Faik ÖZTRAK;TEKÝRDAÐ;;Marmara;CHP;1954;66;Ankara;Bürokrat;CHP;Evli;1;Ankara;Maliye;Yükseklisans;Fransýzca, Ýngilizce;;Erkek;;;;;;;;;;;
Ýlhami Özcan AYGUN;TEKÝRDAÐ;;Marmara;CHP;1969;51;Edirne;Mühendis;CHP;Evli;2;Trakya;Ziraat Mühendisliði;Yükseklisans;Ýngilizce;;Erkek;;;;;;;;;;;
Mustafa ÞENTOP;TEKÝRDAÐ;;Marmara;AK Parti;1968;52;Tekirdað;Akademisyen;AKP;Evli;4;Ýstanbul Üniversitesi;Hukuk;Doktora;Arapça, Ýngilizce;;Erkek;;;;;;;;;;;
Mustafa YEL;TEKÝRDAÐ;;Marmara;AK Parti;1968;52;Tekirdað;Bürokrat;AKP;Evli;2;Ýstanbul Üniversitesi;Kamu Yönetimi;Lisans;Ýngilizce;;Erkek;;;;;;;;;;;
Kadim DURMAZ;TOKAT;;Karadeniz;CHP;1953;67;Tokat;Ýþinsaný;SODEP;Evli;3;0;0;Lise;0;;Erkek;;;;;;;;;;;
Mustafa ARSLAN;TOKAT;;Karadeniz;AK Parti;1968;52;Tokat;Avukat;AKP;Evli;3;Selçuk;Hukuk;Lisans;Arapça, Ýngilizce;;Erkek;;;;;;;;;;;
Özlem ZENGÝN;TOKAT;;Karadeniz;AK Parti;1969;51;Tokat;Avukat;AKP;Evli;3;Ýstanbul Üniversitesi;Hukuk;Yükseklisans;Ýngilizce;;Kadýn;;;;;;;;;;;
Yusuf BEYAZIT;TOKAT;;Karadeniz;AK Parti;1962;58;Tokat;Avukat;AKP;Evli;3;Ankara;Hukuk;Yükseklisans;Arapça, Ýngilizce;;Erkek;;;;;;;;;;;
Yücel BULUT;TOKAT;;Karadeniz;MHP;1980;40;Samsun;Avukat;MHP;Evli;0;Ankara;Hukuk;Lisans;0;;Erkek;;;;;;;;;;;
Adnan GÜNNAR;TRABZON;;Karadeniz;AK Parti;1966;54;Trabzon;Diþ Hekimi;AKP;Evli;0;Atatürk;Diþ Hekimliði;Doktora;Ýngilizce;;Erkek;;;;;;;;;;;
Ahmet KAYA;TRABZON;;Karadeniz;CHP;1971;49;Trabzon;Mühendis;SHP;Evli;2;KTÜ;Makine Mühendisliði;Lisans;0;;Erkek;;;;;;;;;;;
Bahar AYVAZOÐLU;TRABZON;;Karadeniz;AK Parti;1976;44;Trabzon;Ýktisatçý;AKP;Evli;2;KTÜ;Ekonometri;Lisans;Ýngilizce;;Kadýn;;;;;;;;;;;
Hüseyin ÖRS;TRABZON;;Karadeniz;ÝYÝ Parti;1964;56;Trabzon;Akademisyen;MHP;Evli;1;KTÜ;Matematik;Doktora;0;;Erkek;;;;;;;;;;;
Muhammet BALTA;TRABZON;;Karadeniz;AK Parti;1966;54;Trabzon;Mühendis;AKP;Evli;2;Hacettepe;Maden Mühendisliði;Lisans;0;;Erkek;;;;;;;;;;;
Salih CORA;TRABZON;;Karadeniz;AK Parti;1981;39;Trabzon;Avukat;AKP;Evli;3;Selçuk;Hukuk;Lisans;Ýngilizce;;Erkek;;;;;;;;;;;
Alican ÖNLÜ;TUNCELÝ;;Doðu Anadolu;HDP;1967;53;Tunceli;Siyasetçi;HADEP;Evli;2;0;0;Lise;0;;Erkek;;;;;;;;;;;
Polat ÞAROÐLU;TUNCELÝ;;Doðu Anadolu;CHP;1969;51;Tunceli;Ýþinsaný;CHP;Evli;2;Gazi;Kamu Yönetimi;Lisans;0;;Erkek;;;;;;;;;;;
Ýsmail GÜNEÞ;UÞAK;;Ege;AK Parti;1967;53;Uþak;Doktor;AKP;Evli;2;Çukurova;Týp;Yükseklisans;Ýngilizce;;Erkek;Týp uzmanlaþmasý yükseklisans kabul edildi.;;;;;;;;;;
Mehmet ALTAY;UÞAK;;Ege;AK Parti;1972;48;Uþak;Avukat;AKP;Evli;2;Ýstanbul Üniversitesi;Hukuk;Lisans;Ýngilizce;;Erkek;;;;;;;;;;;
Özkan YALIM;UÞAK;;Ege;CHP;1969;51;Uþak;Ýþinsaný;CHP;Evli;3;0;0;Lise;Bulgarca, Fransýzca;;Erkek;;;;;;;;;;;
Abdulahat ARVAS;VAN;;Doðu Anadolu;AK Parti;1969;51;Van;Ýþinsaný;AKP;Evli;4;0;0;Lise;Arapça, Farsça, Kürtçe;;Erkek;;;;;;;;;;;
Ýrfan KARTAL;VAN;;Doðu Anadolu;AK Parti;1949;71;Van;Mühendis;AKP;Evli;2;Ankara;Ýnþaat Mühendisliði;Lisans;Kürtçe;;Erkek;;;;;;;;;;;
Muazzez ORHAN IÞIK;VAN;;Doðu Anadolu;HDP;1972;48;Van;Memur;HDP;?;?;Yüzüncü Yýl;Ýþletme;Lisans;Kürtçe;;Kadýn;;;;;;;;;;;
Murat SARISAÇ;VAN;;Doðu Anadolu;HDP;1983;37;Van;Siyasetçi;DBP;Bekar;0;Aksaray;Siyaset Bilimi ve Kamu Yönetimi;Lisans;Kürtçe;;Erkek;;;;;;;;;;;
Osman Nuri GÜLAÇAR;VAN;;Doðu Anadolu;AK Parti;1965;55;Van;Din adamý;AKP;Evli;3;Anadolu;Ýktisat;Lisans;Arapça, Kürtçe;;Erkek;;;;;;;;;;;
Sezai TEMELLÝ;VAN;;Doðu Anadolu;HDP;1963;57;Ýstanbul;Akademisyen;HDP;Evli;1;Ýstanbul;Maliye;Doktora;Ýngilizce;;Erkek;;;;;;;;;;;
Tayip TEMEL;VAN;;Doðu Anadolu;HDP;1982;38;Hakkari;Gazeteci;HDP;Bekar;0;0;0;Lise;Kürtçe;;Erkek;;;;;;;;;;;
Ahmet BÜYÜKGÜMÜÞ;YALOVA;;Marmara;AK Parti;1990;30;Ýstanbul;Akademisyen;AKP;Evli;0;Galatasaray;Siyaset Bilimi;Doktora;Fransýzca, Ýngilizce;;Erkek;;;;;;;;;;;
Meliha AKYOL;YALOVA;;Marmara;AK Parti;1960;60;Ýstanbul;Siyasetçi;AKP;Evli;2;0;0;Lise;Ýngilizce;;Kadýn;;;;;;;;;;;
Özcan ÖZEL;YALOVA;;Marmara;CHP;1959;61;Kocaeli;Öðretmen;CHP;Evli;2;Bursa Eðitim Enstitüsü;Matematik Öðretmenliði;Lisans;0;;Erkek;;;;;;;;;;;
Bekir BOZDAÐ;YOZGAT;;Ýç Anadolu;AK Parti;1965;55;Yozgat;Avukat;FP;Evli;3;Uludað;Ýlahiyat;Yükseklisans;Arapça, Ýngilizce;;Erkek;;;;;;;;;;;
Yusuf BAÞER;YOZGAT;;Ýç Anadolu;AK Parti;1965;55;Yozgat;Avukat;AKP;Evli;2;Ýstanbul Üniversitesi;Hukuk;Lisans;Arapça, Ýngilizce;;Erkek;;;;;;;;;;;
Ali KEVEN;YOZGAT;;Ýç Anadolu;CHP;1951;69;Yozgat;Öðretmen;SHP;Evli;1;Gazi;BESYÖ;Lisans;0;;Erkek;;;;;;;;;;;
Ýbrahim Ethem SEDEF;YOZGAT;;Ýç Anadolu;MHP;1980;40;Yozgat;Siyasetçi;MHP;Evli;0;Anadolu;Ýktisat;Yükseklisans;Ýngilizce;;Erkek;;;;;;;;;;;
Ahmet ÇOLAKOÐLU;ZONGULDAK;;Karadeniz;AK Parti;1978;42;Zonguldak;Ýþinsaný;AKP;Evli;3;Anadolu;Kamu Yönetimi;Lisans;Ýngilizce;;Erkek;;;;;;;;;;;
Ünal DEMÝRTAÞ;ZONGULDAK;;Karadeniz;CHP;1971;49;Zonguldak;Avukat;CHP;Evli;1;Ankara;Hukuk;Lisans;Ýngilizce;;Erkek;;;;;;;;;;;
Polat TÜRKMEN;ZONGULDAK;;Karadeniz;AK Parti;1951;69;Trabzon;Mühendis;CHP;Evli;0;Hacettepe;Maden Müendisliði;Lisans;Ýngilizce;;Erkek;;;;;;;;;;;
Hamdi UÇAR;ZONGULDAK;;Karadeniz;AK Parti;1963;57;Zonguldak;Ýþinsaný;AKP;Evli;2;Anadolu;Ýþletme;Lisans;0;;Erkek;;;;;;;;;;;
Deniz YAVUZYILMAZ;ZONGULDAK;;Karadeniz;CHP;1979;41;Zonguldak;Ýþinsaný;CHP;Evli;0;YTÜ;Elektrik Elektronik Mühendisliði;Lisans;Almanca, Fransýzca, Ýngilizce;;Erkek;;;;;;;;;;;
